"id","title","overview","release_date","genre_ids","vote_average","vote_count"
460458,"Resident Evil: Welcome to Raccoon City","Once the booming home of pharmaceutical giant Umbrella Corporation, Raccoon City is now a dying Midwestern town. The company’s exodus left the city a wasteland…with great evil brewing below the surface. When that evil is unleashed, the townspeople are forever…changed…and a small group of survivors must work together to uncover the truth behind Umbrella and make it through the night.","2021-11-24","28,27,878",5.933,2827
299534,"Avengers: Endgame","After the devastating events of Avengers: Infinity War, the universe is in ruins due to the efforts of the Mad Titan, Thanos. With the help of remaining allies, the Avengers must assemble once more in order to undo Thanos' actions and restore order to the universe once and for all, no matter what consequences may be in store.","2019-04-24","12,878,28",8.245,28861
299536,"Avengers: Infinity War","As the Avengers and their allies have continued to protect the world from threats too large for any one hero to handle, a new danger has emerged from the cosmic shadows: Thanos. A despot of intergalactic infamy, his goal is to collect all six Infinity Stones, artifacts of unimaginable power, and use them to inflict his twisted will on all of reality. Everything the Avengers have fought for has led up to this moment - the fate of Earth and existence itself has never been more uncertain.","2018-04-25","12,28,878",8.244,33025
335984,"Blade Runner 2049","Thirty years after the events of the first film, a new blade runner, LAPD Officer K, unearths a long-buried secret that has the potential to plunge what's left of society into chaos. K's discovery leads him on a quest to find Rick Deckard, a former LAPD blade runner who has been missing for 30 years.","2017-10-04","878,18",7.608,15758
755898,"War of the Worlds","Will Radford is a top analyst for Homeland Security who tracks potential threats through a mass surveillance program, until one day an attack by an unknown entity leads him to question whether the government is hiding something from him... and from the rest of the world.","2025-07-29","878,53",4.034,1155
591634,"False Positive","After months of trying and failing to get pregnant, Lucy and Adrian finally find their dream fertility doctor in the illustrious Dr. Hindle. But after becoming pregnant with a healthy baby girl, Lucy begins to notice something sinister through Hindle's gleaming charm, and she sets out to uncover the unsettling truth about him.","2021-06-18","27,9648,53",5.559,203
1084242,"Zootopia 2","After cracking the biggest case in Zootopia's history, rookie cops Judy Hopps and Nick Wilde find themselves on the twisting trail of a great mystery when Gary De'Snake arrives and turns the animal metropolis upside down. To crack the case, Judy and Nick must go undercover to unexpected new parts of town, where their growing partnership is tested like never before.","2025-11-26","16,12,35,9648,10751",7.67,3491
83533,"Avatar: Fire and Ash","In the wake of the devastating war against the RDA and the loss of their eldest son, Jake Sully and Neytiri face a new threat on Pandora: the Ash People, a violent and power-hungry Na'vi tribe led by the ruthless Varang. Jake's family must fight for their survival and the future of Pandora in a conflict that pushes them to their emotional and physical limits.","2025-12-17","878,12,14",7.6,4414
533535,"Deadpool & Wolverine","A listless Wade Wilson toils away in civilian life with his days as the morally flexible mercenary, Deadpool, behind him. But when his homeworld faces an existential threat, Wade must reluctantly suit-up again with an even more reluctant Wolverine.","2024-07-24","28,35,878",7.588,9536
475557,"Joker","During the 1980s, a failed stand-up comedian is driven insane and turns to a life of crime and chaos in Gotham City while becoming an infamous psychopathic crime figure.","2019-10-01","80,53,18",8.1,28406
634649,"Spider-Man: No Way Home","Peter Parker is unmasked and no longer able to separate his normal life from the high-stakes of being a super-hero. When he asks for help from Doctor Strange the stakes become even more dangerous, forcing him to discover what it truly means to be Spider-Man.","2021-12-15","28,12,878",7.947,23221
150540,"Inside Out","When 11-year-old Riley moves to a new city, her Emotions team up to help her through the transition. Joy, Fear, Anger, Disgust and Sadness work together, but when Joy and Sadness get lost, they must journey through unfamiliar places to get back home.","2015-06-17","16,10751,12,18,35",7.905,23943
1184918,"The Wild Robot","After a shipwreck, an intelligent robot called Roz is stranded on an uninhabited island. To survive the harsh environment, Roz bonds with the island's animals and cares for an orphaned baby goose.","2024-09-12","10751,16,878,12",8.31,6663
438631,"Dune","Paul Atreides, a brilliant and gifted young man born into a great destiny beyond his understanding, must travel to the most dangerous planet in the universe to ensure the future of his family and his people. As malevolent forces explode into conflict over the planet's exclusive supply of the most precious resource in existence - a commodity capable of unlocking humanity's greatest potential - only those who can conquer their fear will survive.","2021-09-15","878,12",7.8,15625
693134,"Dune: Part Two","Follow the mythic journey of Paul Atreides as he unites with Chani and the Fremen while on a path of revenge against the conspirators who destroyed his family. Facing a choice between the love of his life and the fate of the known universe, Paul endeavors to prevent a terrible future only he can foresee.","2024-02-27","878,12",8.1,8655
569094,"Spider-Man: Across the Spider-Verse","After reuniting with Gwen Stacy, Brooklyn’s full-time, friendly neighborhood Spider-Man is catapulted across the Multiverse, where he encounters the Spider Society, a team of Spider-People charged with protecting the Multiverse's very existence. But when the heroes clash on how to handle a new threat, Miles finds himself pitted against the other Spiders and must set out on his own to save those he loves most.","2023-05-31","16,28,12,878",8.35,9331
872585,"Oppenheimer","The story of J. Robert Oppenheimer's role in the development of the atomic bomb during World War II.","2023-07-19","18,36",8.022,12588
414906,"The Batman","In his second year of fighting crime, Batman uncovers corruption in Gotham City that connects to his own family while facing a serial killer known as the Riddler.","2022-03-01","80,9648,53",7.67,12588
126889,"Alien: Covenant","The crew of the colony ship Covenant, bound for a remote planet on the far side of the galaxy, discovers what they think is an uncharted paradise but is actually a dark, dangerous world.","2017-05-09","27,878",6.189,9701
1234821,"Jurassic World Rebirth","Five years after the events of Jurassic World Dominion, covert operations expert Zora Bennett is contracted to lead a skilled team on a top-secret mission to secure genetic material from the world's three most massive dinosaurs. When Zora's operation intersects with a civilian family whose boating expedition was capsized, they all find themselves stranded on an island where they come face-to-face with a sinister, shocking discovery that's been hidden from the world for decades.","2025-06-23","878,12,28",6.256,3802
1011477,"Karate Kid: Legends","After a family tragedy, kung fu prodigy Li Fong is uprooted from his home in Beijing and forced to move to New York City with his mother. When a new friend needs his help, Li enters a karate competition – but his skills alone aren't enough. Li's kung fu teacher Mr. Han enlists original Karate Kid Daniel LaRusso for help, and Li learns a new way to fight, merging their two styles into one for the ultimate martial arts showdown.","2025-05-08","28,12,18",7,1307
361743,"Top Gun: Maverick","After more than thirty years of service as one of the Navy’s top aviators, and dodging the advancement in rank that would ground him, Pete “Maverick” Mitchell finds himself training a detachment of TOP GUN graduates for a specialized mission the likes of which no living pilot has ever seen.","2022-05-21","28,18",8.158,11624
911430,"F1","Racing legend Sonny Hayes is coaxed out of retirement to lead a struggling Formula 1 team—and mentor a young hotshot driver—while chasing one more chance at glory.","2025-06-25","28,18",7.828,4746
1368166,"The Housemaid","Trying to escape her past, Millie Calloway accepts a job as a live-in housemaid for the wealthy Nina and Andrew Winchester. But what begins as a dream job quickly unravels into something far more dangerous—a sexy, seductive game of secrets, scandal, and power.","2025-12-18","9648,53",7.253,3148
76600,"Avatar: The Way of Water","Set more than a decade after the events of the first film, learn the story of the Sully family (Jake, Neytiri, and their kids), the trouble that follows them, the lengths they go to keep each other safe, the battles they fight to stay alive, and the tragedies they endure.","2022-12-14","28,12,878",7.584,14695
1061474,"Superman","Superman, a journalist in Metropolis, embarks on a journey to reconcile his Kryptonian heritage with his human upbringing as Clark Kent.","2025-07-09","878,12,28",7.3,5531
354912,"Coco","Despite his family’s baffling generations-old ban on music, Miguel dreams of becoming an accomplished musician like his idol, Ernesto de la Cruz. Desperate to prove his talent, Miguel finds himself in the stunning and colorful Land of the Dead following a mysterious chain of events. Along the way, he meets charming trickster Hector, and together, they set off on an extraordinary journey to unlock the real story behind Miguel's family history.","2017-10-27","10751,16,10402,12",8.197,21458
99861,"Avengers: Age of Ultron","When Tony Stark tries to jumpstart a dormant peacekeeping program, things go awry and Earth’s Mightiest Heroes are put to the ultimate test as the fate of the planet hangs in the balance. As the villainous Ultron emerges, it is up to The Avengers to stop him from enacting his terrible plans, and soon uneasy alliances and unexpected action pave the way for an epic and unique global adventure.","2015-04-22","28,12,878",7.279,25091
76341,"Mad Max: Fury Road","An apocalyptic story set in the furthest reaches of our planet, in a stark desert landscape where humanity is broken, and most everyone is crazed fighting for the necessities of life. Within this world exist two rebels on the run who just might be able to restore order.","2015-05-13","28,12,878",7.639,24687
986056,"Thunderbolts*","After finding themselves ensnared in a death trap, seven disillusioned castoffs must embark on a dangerous mission that will force them to confront the darkest corners of their pasts.","2025-04-30","28,878,12",7.296,4111
1022789,"Inside Out 2","Teenager Riley's mind headquarters is undergoing a sudden demolition to make room for something entirely unexpected: new Emotions! Joy, Sadness, Anger, Fear and Disgust, who’ve long been running a successful operation by all accounts, aren’t sure how to feel when Anxiety shows up. And it looks like she’s not alone.","2024-06-11","16,12,35,10751",7.54,7019
324857,"Spider-Man: Into the Spider-Verse","Struggling to find his place in the world while juggling school and family, Brooklyn teenager Miles Morales is unexpectedly bitten by a radioactive spider and develops unfathomable powers just like the one and only Spider-Man. While wrestling with the implications of his new abilities, Miles discovers a super collider created by the madman Wilson ""Kingpin"" Fisk, causing others from across the Spider-Verse to be inadvertently transported to his dimension.","2018-12-06","16,28,12,878",8.401,17940
803796,"KPop Demon Hunters","When K-pop superstars Rumi, Mira and Zoey aren't selling out stadiums, they're using their secret powers to protect their fans from supernatural threats.","2025-06-20","14,10402,35,16",7.993,3241
912649,"Venom: The Last Dance","Eddie and Venom are on the run. Hunted by both of their worlds and with the net closing in, the duo are forced into a devastating decision that will bring the curtains down on Venom and Eddie's last dance.","2024-10-22","878,28,12",6.669,4565
1233413,"Sinners","Trying to leave their troubled lives behind, twin brothers return to their hometown to start again, only to discover that an even greater evil is waiting to welcome them back.","2025-04-16","27,28,53",7.51,5242
385687,"Fast X","Over many missions and against impossible odds, Dom Toretto and his family have outsmarted, out-nerved and outdriven every foe in their path. Now, they confront the most lethal opponent they've ever faced: A terrifying threat emerging from the shadows of the past who's fueled by blood revenge, and who is determined to shatter this family and destroy everything—and everyone—that Dom loves, forever.","2023-05-17","28,80,53",6.978,6523
617126,"The Fantastic 4: First Steps","Against the vibrant backdrop of a 1960s-inspired, retro-futuristic world, Marvel's First Family is forced to balance their roles as heroes with the strength of their family bond, while defending Earth from a ravenous space god called Galactus and his enigmatic Herald, Silver Surfer.","2025-07-23","878,12,28",6.941,3938
1241982,"Moana 2","After receiving an unexpected call from her wayfinding ancestors, Moana journeys alongside Maui and a new crew to the far seas of Oceania and into dangerous, long-lost waters for an adventure unlike anything she's ever faced.","2024-11-21","12,16,35,10751,14",6.994,3304
933260,"The Substance","A fading celebrity decides to use a black market drug, a cell-replicating substance that temporarily creates a younger, better version of herself.","2024-09-07","27,878",7.1,6521
315635,"Spider-Man: Homecoming","Following the events of Captain America: Civil War, Peter Parker, with the help of his mentor Tony Stark, tries to balance his life as an ordinary high school student in Queens, New York City, with fighting crime as his superhero alter ego Spider-Man as a new threat, the Vulture, emerges.","2017-07-05","28,12,878",7.333,23976
575265,"Mission: Impossible - The Final Reckoning","Ethan Hunt and team continue their search for the terrifying AI known as the Entity — which has infiltrated intelligence networks all over the globe — with the world's governments and a mysterious ghost from Hunt's past on their trail. Joined by new allies and armed with the means to shut the Entity down for good, Hunt is in a race against time to prevent the world as we know it from changing forever.","2025-05-17","28,53,12",7.2,3192
549509,"The Brutalist","When an innovative modern architect flees post-war Europe, he is given the opportunity to rebuild his legacy. Set during the dawn of the modern United States (in Pennsylvania), his wife joins him, and their lives are forever changed by a demanding, wealthy patron.","2024-12-20","18",6.921,1834
1242898,"Predator: Badlands","Cast out from his clan, a young Predator finds an unlikely ally in a damaged android and embarks on a treacherous journey in search of the ultimate adversary.","2025-11-05","28,878,12",7.841,3729
1078605,"Weapons","When all but one child from the same class mysteriously vanish on the same night at exactly the same time, a community is left questioning who or what is behind their disappearance.","2025-08-04","27,9648",7.264,4017
603692,"John Wick: Chapter 4","With the price on his head ever increasing, John Wick uncovers a path to defeating The High Table. But before he can earn his freedom, Wick must face off against a new enemy with powerful alliances across the globe and forces that turn old friends into foes.","2023-03-21","28,53,80",7.712,8354
552524,"Lilo & Stitch","The wildly funny and touching story of a lonely Hawaiian girl and the fugitive alien who helps to mend her broken family.","2025-05-17","10751,878,35",7.182,2305
950387,"A Minecraft Movie","Four misfits find themselves struggling with ordinary problems when they are suddenly pulled through a mysterious portal into the Overworld: a bizarre, cubic wonderland that thrives on imagination. To get back home, they'll have to master this world while embarking on a magical quest with an unexpected, expert crafter, Steve.","2025-03-31","10751,14,35,12",6.22,3320
390062,"Jungle","In 1981, an enthusiastic young adventurer follows his dreams into the Bolivian Amazon jungle with two friends and a guide with a mysterious past. Their journey quickly turns into a terrifying ordeal as the darkest elements of human nature and the deadliest threats of the wilderness lead to an all-out fight for survival.","2017-06-27","12,53",6.732,2299
976912,"Graphic Desires","When reclusive Franklin cheats on his partner with a mysterious girl he meets on a dating app, it becomes the start of a deadly obsession.","2023-08-31","53,80",6.916,155
466272,"Once Upon a Time... in Hollywood","Los Angeles, 1969. TV star Rick Dalton, a struggling actor specializing in westerns, and stuntman Cliff Booth, his best friend, try to survive in a constantly changing movie industry. Dalton is the neighbor of the young and promising actress and model Sharon Tate, who has just married the prestigious Polish director Roman Polanski…","2019-07-24","35,18,53",7.418,15318
939243,"Sonic the Hedgehog 3","Sonic, Knuckles, and Tails reunite against a powerful new adversary, Shadow, a mysterious villain with powers unlike anything they have faced before. With their abilities outmatched in every way, Team Sonic must seek out an unlikely alliance in hopes of stopping Shadow and protecting the planet.","2024-12-19","28,878,35,10751",7.599,3480
447365,"Guardians of the Galaxy Vol. 3","Peter Quill, still reeling from the loss of Gamora, must rally his team around him to defend the universe along with protecting one of their own. A mission that, if not completed successfully, could quite possibly lead to the end of the Guardians as we know them.","2023-05-03","878,12,28",7.933,8883
329865,"Arrival","Taking place after alien crafts land around the world, an expert linguist is recruited by the military to determine whether they come in peace or are a threat.","2016-11-10","18,878,9648",7.635,19936
637649,"Wrath of Man","A cold and mysterious new security guard for a Los Angeles cash truck company surprises his co-workers when he unleashes precision skills during a heist. The crew is left wondering who he is and where he came from. Soon, the marksman's ultimate motive becomes clear as he takes dramatic and irrevocable steps to settle a score.","2021-04-22","53,80,18",7.572,6331
539972,"Kraven the Hunter","Kraven Kravinoff's complex relationship with his ruthless gangster father, Nikolai, starts him down a path of vengeance with brutal consequences, motivating him to become not only the greatest hunter in the world, but also one of its most feared.","2024-12-11","28,12,53",6.413,2526
453395,"Doctor Strange in the Multiverse of Madness","Doctor Strange, with the help of mystical allies both old and new, traverses the mind-bending and dangerous alternate realities of the Multiverse to confront a mysterious new adversary.","2022-05-04","14,28,12",7.224,10906
545611,"Everything Everywhere All at Once","An aging Chinese immigrant is swept up in an insane adventure, where she alone can save what's important to her by connecting with the lives she could have led in other universes.","2022-03-24","28,12,878",7.714,8467
271110,"Captain America: Civil War","Following the events of Age of Ultron, the collective governments of the world pass an act designed to regulate all superhuman activity. This polarizes opinion amongst the Avengers, causing two factions to side with Iron Man or Captain America, which causes an epic battle between former allies.","2016-04-27","12,28,878",7.454,24629
436969,"The Suicide Squad","Supervillains Harley Quinn, Bloodsport, Peacemaker and a collection of nutty cons at Belle Reve prison join the super-secret, super-shady Task Force X as they are dropped off at the remote, enemy-infused island of Corto Maltese.","2021-07-28","28,35,12",7.443,9947
1087192,"How to Train Your Dragon","On the rugged isle of Berk, where Vikings and dragons have been bitter enemies for generations, Hiccup stands apart, defying centuries of tradition when he befriends Toothless, a feared Night Fury dragon. Their unlikely bond reveals the true nature of dragons, challenging the very foundations of Viking society.","2025-06-06","14,10751,28,12",7.93,3150
893723,"PAW Patrol: The Mighty Movie","A magical meteor crash lands in Adventure City and gives the PAW Patrol pups superpowers, transforming them into The Mighty Pups.","2023-09-21","12,16,35,10751,878",6.9,594
950396,"The Gorge","Two highly trained operatives grow close from a distance after being sent to guard opposite sides of a mysterious gorge. When an evil below emerges, they must work together to survive what lies within.","2025-02-13","10749,878,53",7.701,4249
315162,"Puss in Boots: The Last Wish","Puss in Boots discovers that his passion for adventure has taken its toll: He has burned through eight of his nine lives, leaving him with only one life left. Puss sets out on an epic journey to find the mythical Last Wish and restore his nine lives.","2022-12-07","16,12,14,35,10751",8.219,9262
330457,"Frozen II","Elsa, Anna, Kristoff and Olaf head far into the forest to learn the truth about an ancient mystery of their kingdom.","2019-11-20","10751,16,12,35,14",7.223,10488
615777,"Babylon","A tale of outsized ambition and outrageous excess, tracing the rise and fall of multiple characters in an era of unbridled decadence and depravity during Hollywood's transition from silent films to sound films in the late 1920s.","2022-12-22","18,35",7.341,3956
284054,"Black Panther","King T'Challa returns home to the reclusive, technologically advanced African nation of Wakanda to serve as his country's new leader. However, T'Challa soon finds that he is challenged for the throne by factions within his own country as well as without. Using powers reserved to Wakandan kings, T'Challa assumes the Black Panther mantle to join with ex-girlfriend Nakia, the queen-mother, his princess-kid sister, members of the Dora Milaje (the Wakandan 'special forces') and an American secret agent, to prevent Wakanda from being dragged into a world war.","2018-02-13","28,12,878",7.361,24021
284053,"Thor: Ragnarok","Thor is imprisoned on the other side of the universe and finds himself in a race against time to get back to Asgard to stop Ragnarok, the destruction of his home-world and the end of Asgardian civilization, at the hands of a powerful new threat, the ruthless Hela.","2017-10-02","28,12,35,878",7.58,22550
866398,"The Beekeeper","One man's campaign for vengeance takes on national stakes after he is revealed to be a former operative of a powerful and clandestine organization known as Beekeepers.","2024-01-08","28,80,53",7.28,4567
967941,"Wicked: For Good","As an angry mob rises against the Wicked Witch, Glinda and Elphaba must unite one last time with honesty and empathy to fulfill their shared destiny and change the fate of Oz forever.","2025-11-19","14,12,10749",6.6,1166
798645,"The Running Man","Desperate to save his sick daughter, working-class Ben Richards is convinced by The Running Man's charming but ruthless producer to enter the deadly competition game as a last resort. But Ben's defiance, instincts, and grit turn him into an unexpected fan favorite — and a threat to the entire system. As ratings skyrocket, so does the danger, and Ben must outwit not just the Hunters, but a nation addicted to watching him fall.","2025-11-11","28,53,878",6.725,2015
541671,"Ballerina","Taking place during the events of John Wick: Chapter 3 – Parabellum, Eve Macarro begins her training in the assassin traditions of the Ruska Roma.","2025-06-04","28,53,80",7.269,3009
466420,"Killers of the Flower Moon","When oil is discovered in 1920s Oklahoma under Osage Nation land, the Osage people are murdered one by one—until the FBI steps in to unravel the mystery.","2023-10-18","80,36,18",7.392,4373
301528,"Toy Story 4","Woody has always been confident about his place in the world, devoted to taking care of his kid—whether that's Andy or Bonnie. But after Bonnie creates a reluctant new toy called ""Forky"", a road trip adventure alongside old and new friends challenges everything Woody believes about loyalty, purpose, and what it truly means to be a toy.","2019-06-19","10751,35,16,12",7.5,11025
324786,"Hacksaw Ridge","WWII American Army Medic Desmond T. Doss, who served during the Battle of Okinawa, refuses to kill people and becomes the first Conscientious Objector in American history to receive the Congressional Medal of Honor.","2016-10-07","18,36,10752",8.193,15349
502356,"The Super Mario Bros. Movie","While working underground to fix a water main, Brooklyn plumbers—and brothers—Mario and Luigi are transported down a mysterious pipe and wander into a magical new world. But when the brothers are separated, Mario embarks on an epic quest to find Luigi.","2023-04-05","10751,35,12,14,16",7.59,11173
985939,"Fall","For best friends Becky and Hunter, life is all about conquering fears and pushing limits. But after they climb 2,000 feet to the top of a remote, abandoned radio tower, they find themselves stranded with no way down. Now Becky and Hunter's expert climbing skills will be put to the ultimate test as they desperately fight to survive the elements, a lack of supplies, and vertigo-inducing heights.","2022-08-11","53",7.145,4907
346698,"Barbie","Barbie and Ken are having the time of their lives in the colorful and seemingly perfect world of Barbie Land. However, when they get a chance to go to the real world, they soon discover the joys and perils of living among humans.","2023-07-19","35,12,14",6.907,11630
286217,"The Martian","During a manned mission to Mars, Astronaut Mark Watney is presumed dead after a fierce storm and left behind by his crew. But Watney has survived and finds himself stranded and alone on the hostile planet. With only meager supplies, he must draw upon his ingenuity, wit and spirit to subsist and find a way to signal to Earth that he is alive.","2015-09-30","878,18,12",7.708,21877
216015,"Fifty Shades of Grey","When college senior Anastasia Steele steps in for her sick roommate to interview prominent businessman Christian Grey for their campus paper, little does she realize the path her life will take. Christian, as enigmatic as he is rich and powerful, finds himself strangely drawn to Ana, and she to him. Though sexually inexperienced, Ana plunges headlong into an affair -- and learns that Christian's true sexual proclivities push the boundaries of pain and pleasure.","2015-02-11","18,10749,53",5.858,12560
845781,"Red One","After Santa Claus (codename: Red One) is kidnapped, the North Pole's Head of Security must team up with the world's most infamous tracker in a globe-trotting, action-packed mission to save Christmas.","2024-10-31","28,12,35,14",6.953,3180
429617,"Spider-Man: Far From Home","Peter Parker and his friends go on a summer trip to Europe. However, they will hardly be able to rest - Peter will have to agree to help Nick Fury uncover the mystery of creatures that cause natural disasters and destruction throughout the continent.","2019-06-28","28,12,878",7.391,17673
383498,"Deadpool 2","Wisecracking mercenary Deadpool battles the evil and powerful Cable and other bad guys to save a boy's life.","2018-05-15","28,35,12",7.489,19708
497698,"Black Widow","Natasha Romanoff, also known as Black Widow, confronts the darker parts of her ledger when a dangerous conspiracy with ties to her past arises. Pursued by a force that will stop at nothing to bring her down, Natasha must deal with her history as a spy and the broken relationships left in her wake long before she became an Avenger.","2021-07-07","28,12,878",7.146,11656
1100988,"28 Years Later","Twenty-eight years after the Rage virus outbreak, a heavily-defended island survives connected to the mainland by a single causeway. When one of the group leaves the island into the dark heart of the mainland, he discovers secrets, wonders, and horrors that have mutated not only the infected but other survivors as well.","2025-06-18","27,53,878",6.606,3010
346364,"It","In a small town in Maine, seven children known as The Losers Club come face to face with life problems, bullies and a monster that takes the shape of a clown called Pennywise.","2017-09-06","27,53,18",7.241,20715
214756,"Ted 2","Newlywed couple Ted and Tami-Lynn want to have a baby, but in order to qualify to be a parent, Ted will have to prove he's a person in a court of law.","2015-06-25","35,14",6.327,8188
822119,"Captain America: Brave New World","After meeting with newly elected U.S. President Thaddeus Ross, Sam finds himself in the middle of an international incident. He must discover the reason behind a nefarious global plot before the true mastermind has the entire world seeing red.","2025-02-12","28,53,878",5.951,3443
259693,"The Conjuring 2","Lorraine and Ed Warren travel to north London to help a single mother raising four children alone in a house plagued by malicious spirits.","2016-06-08","27",7.294,9436
419430,"Get Out","Chris and his girlfriend Rose go upstate to visit her parents for the weekend. At first, Chris reads the family's overly accommodating behavior as nervous attempts to deal with their daughter's interracial relationship, but as the weekend progresses, a series of increasingly disturbing discoveries lead him to a truth that he never could have imagined.","2017-02-24","9648,53,27",7.625,19398
436270,"Black Adam","Nearly 5,000 years after he was bestowed with the almighty powers of the Egyptian gods—and imprisoned just as quickly—Black Adam is freed from his earthly tomb, ready to unleash his unique form of justice on the modern world.","2022-10-19","28,12,878",6.76,7289
269149,"Zootopia","Determined to prove herself, Officer Judy Hopps, the first bunny on Zootopia's police force, jumps at the chance to crack her first case - even if it means partnering with scam-artist fox Nick Wilde to solve the mystery.","2016-02-11","16,12,10751,35",7.765,18561
653346,"Kingdom of the Planet of the Apes","Several generations following Caesar's reign, apes – now the dominant species – live harmoniously while humans have been reduced to living in the shadows. As a new tyrannical ape leader builds his empire, one young ape undertakes a harrowing journey that will cause him to question all he's known about the past and to make choices that will define a future for apes and humans alike.","2024-05-08","878,12,28",7,4478
260514,"Cars 3","Blindsided by a new generation of blazing-fast racers, the legendary Lightning McQueen finds himself pushed to the brink—and suddenly, the champion who once ruled the track is fighting just to stay in the race. With his career hanging in the balance, McQueen must turn to an ambitious young race technician with a plan of her own, draw strength from the legacy of the late Fabulous Hudson Hornet, and risk everything on one last shot at glory.","2017-06-15","16,18,10751,12",6.867,6604
313369,"La La Land","Mia, an aspiring actress, serves lattes to movie stars in between auditions and Sebastian, a jazz musician, scrapes by playing cocktail party gigs in dingy bars, but as success mounts they are faced with decisions that begin to fray the fragile fabric of their love affair, and the dreams they worked so hard to maintain in each other threaten to rip them apart.","2016-12-01","35,18,10749",7.895,18536
105864,"The Good Dinosaur","An epic journey into the world of dinosaurs where an Apatosaurus named Arlo makes an unlikely human friend.","2015-11-14","12,16,10751",6.755,6172
546554,"Knives Out","When renowned crime novelist Harlan Thrombey is found dead at his estate just after his 85th birthday, the inquisitive and debonair Detective Benoit Blanc is mysteriously enlisted to investigate. From Harlan's dysfunctional family to his devoted staff, Blanc sifts through a web of red herrings and self-serving lies to uncover the truth behind Harlan's untimely death.","2019-11-27","35,80,9648",7.844,14558
1054867,"One Battle After Another","Washed-up revolutionary Bob exists in a state of stoned paranoia, surviving off-grid with his spirited, self-reliant daughter, Willa. When his evil nemesis resurfaces after 16 years and she goes missing, the former radical scrambles to find her, father and daughter both battling the consequences of his past.","2025-09-23","53,80,35",7.3,4319
284052,"Doctor Strange","After his career is destroyed, a brilliant but arrogant surgeon gets a new lease on life when a sorcerer takes him under her wing and trains him to defend the world against evil.","2016-10-25","14,12,28",7.426,23974
519182,"Despicable Me 4","Gru and Lucy and their girls—Margo, Edith and Agnes—welcome a new member to the Gru family, Gru Jr., who is intent on tormenting his dad. Gru also faces a new nemesis in Maxime Le Mal and his femme fatale girlfriend Valentina, forcing the family to go on the run.","2024-06-20","16,35,28,878,10751",6.969,3383
718930,"Bullet Train","Unlucky assassin Ladybug is determined to do his job peacefully after one too many gigs gone off the rails. Fate, however, may have other plans, as Ladybug's latest mission puts him on a collision course with lethal adversaries from around the globe—all with connected, yet conflicting, objectives—on the world's fastest train.","2022-07-20","28,35,53",7.407,7973
425274,"Now You See Me: Now You Don't","The original Four Horsemen reunite with a new generation of illusionists to take on powerful diamond heiress Veronika Vanderberg, who leads a criminal empire built on money laundering and trafficking. The new and old magicians must overcome their differences to work together on their most ambitious heist yet.","2025-11-12","80,53",6.446,1849
558449,"Gladiator II","Years after witnessing the death of the revered hero Maximus at the hands of his uncle, Lucius is forced to enter the Colosseum after his home is conquered by the tyrannical Emperors who now lead Rome with an iron fist. With rage in his heart and the future of the Empire at stake, Lucius must look to his past to find strength and honor to return the glory of Rome to its people.","2024-11-13","28,12,18",6.593,4774
505642,"Black Panther: Wakanda Forever","Queen Ramonda, Shuri, M’Baku, Okoye and the Dora Milaje fight to protect their nation from intervening world powers in the wake of King T’Challa’s death.  As the Wakandans strive to embrace their next chapter, the heroes must band together with the help of War Dog Nakia and Everett Ross and forge a new path for the kingdom of Wakanda.","2022-11-09","28,12,878",6.99,7818
447273,"Snow White","Following the benevolent King's disappearance, the Evil Queen dominated the once fair land with a cruel streak. Princess Snow White flees the castle when the Queen, in her jealousy over Snow White's inner beauty, tries to kill her. Deep into the dark woods, she stumbles upon seven magical dwarves and a young bandit named Jonathan. Together, they strive to survive the Queen's relentless pursuit and aspire to take back the kingdom.","2025-03-19","10751,14",4.246,1751
293660,"Deadpool","The origin story of former Special Forces operative turned mercenary Wade Wilson, who, after being subjected to a rogue experiment that leaves him with accelerated healing powers, adopts the alter ego Deadpool. Armed with his new abilities and a dark, twisted sense of humor, Deadpool hunts down the man who nearly destroyed his life.","2016-02-09","28,12,35",7.626,33361
522627,"The Gentlemen","American expat Mickey Pearson has built a highly profitable marijuana empire in London. When word gets out that he’s looking to cash out of the business forever it triggers plots, schemes, bribery and blackmail in an attempt to steal his domain out from under him.","2020-01-01","28,35,80",7.659,6928
370172,"No Time to Die","Bond has left active service and is enjoying a tranquil life in Jamaica. His peace is short-lived when his old friend Felix Leiter from the CIA turns up asking for help. The mission to rescue a kidnapped scientist turns out to be far more treacherous than expected, leading Bond onto the trail of a mysterious villain armed with dangerous new technology.","2021-09-29","28,53,12",7.338,7416
87101,"Terminator Genisys","The year is 2029. John Connor, leader of the resistance continues the war against the machines. At the Los Angeles offensive, John's fears of the unknown future begin to emerge when TECOM spies reveal a new plot by SkyNet that will attack him from both fronts; past and future, and will ultimately change warfare forever.","2015-06-23","878,28,53",5.961,9200
283995,"Guardians of the Galaxy Vol. 2","The Guardians must fight to keep their newfound family together as they unravel the mysteries of Peter Quill's true parentage.","2017-04-25","878,12,28",7.61,23498
281957,"The Revenant","In the 1820s, a frontiersman, Hugh Glass, sets out on a path of vengeance against those who left him for dead after a bear mauling.","2015-12-25","37,18,12",7.541,19756
762509,"Mufasa: The Lion King","Mufasa, a cub lost and alone, meets a sympathetic lion named Taka, the heir to a royal bloodline. The chance meeting sets in motion an expansive journey of a group of misfits searching for their destiny.","2024-12-18","12,10751,16",7.284,2786
1197306,"A Working Man","Levon Cade left behind a decorated military career in the black ops to live a simple life working construction. But when his boss's daughter, who is like family to him, is taken by human traffickers, his search to bring her home uncovers a world of corruption far greater than he ever could have imagined.","2025-03-26","28,80,53",6.678,2104
926393,"The Equalizer 3","Robert McCall finds himself at home in Southern Italy but he discovers his friends are under the control of local crime bosses. As events turn deadly, McCall knows what he has to do: become his friends' protector by taking on the mafia.","2023-08-30","28,53,80",7.292,3939
454626,"Sonic the Hedgehog","Powered with incredible speed, Sonic The Hedgehog embraces his new home on Earth. That is, until Sonic sparks the attention of super-uncool evil genius Dr. Robotnik. Now it’s super-villain vs. super-sonic in an all-out race across the globe to stop Robotnik from using Sonic’s unique power for world domination.","2020-02-12","28,878,35,10751",7.267,10607
1100782,"Smile 2","About to embark on a new world tour, global pop sensation Skye Riley begins experiencing increasingly terrifying and inexplicable events. Overwhelmed by the escalating horrors and the pressures of fame, Skye is forced to face her dark past to regain control of her life before it spirals out of control.","2024-10-16","27,9648",6.593,2365
359410,"Road House","Ex-UFC fighter Dalton takes a job as a bouncer at a Florida Keys roadhouse, only to discover that this paradise is not all it seems.","2024-03-08","28,53,18",6.937,3260
381284,"Hidden Figures","The untold story of Katherine G. Johnson, Dorothy Vaughan and Mary Jackson – brilliant African-American women working at NASA and serving as the brains behind one of the greatest operations in history – the launch of astronaut John Glenn into orbit. The visionary trio crossed all gender and race lines to inspire generations to dream big.","2016-12-10","18,36",8.048,10695
299537,"Captain Marvel","The story follows Carol Danvers as she becomes one of the universe’s most powerful heroes when Earth is caught in the middle of a galactic war between two alien races. Set in the 1990s, Captain Marvel is an all-new adventure from a previously unseen period in the history of the Marvel Cinematic Universe.","2019-03-06","28,12,878",6.77,17193
384018,"Fast & Furious Presents: Hobbs & Shaw","Ever since US Diplomatic Security Service Agent Hobbs and lawless outcast Shaw first faced off, they just have traded smack talk and body blows. But when cyber-genetically enhanced anarchist Brixton's ruthless actions threaten the future of humanity, they join forces to defeat him.","2019-07-31","28,12,35",6.819,7948
616037,"Thor: Love and Thunder","After his retirement is interrupted by Gorr the God Butcher, a galactic killer who seeks the extinction of the gods, Thor Odinson enlists the help of King Valkyrie, Korg, and ex-girlfriend Jane Foster, who now wields Mjolnir as the Mighty Thor. Together they embark upon a harrowing cosmic adventure to uncover the mystery of the God Butcher’s vengeance and stop him before it’s too late.","2022-07-06","14,28,35",6.357,9000
181808,"Star Wars: The Last Jedi","Rey develops her newly discovered abilities with the guidance of Luke Skywalker, who is unsettled by the strength of her powers. Meanwhile, the Resistance prepares to do battle with the First Order.","2017-12-13","12,28,878",6.734,16721
615656,"Meg 2: The Trench","An exploratory dive into the deepest depths of the ocean of a daring research team spirals into chaos when a malevolent mining operation threatens their mission and forces them into a high-stakes battle for survival.","2023-08-02","28,878,27",6.354,4129
823464,"Godzilla x Kong: The New Empire","Following their explosive showdown, Godzilla and Kong must reunite against a colossal undiscovered threat hidden within our world, challenging their very existence – and our own.","2024-03-27","28,12,878",7.034,4882
1317288,"Marty Supreme","Marty Mauser, a young man with a dream no one respects, goes to hell and back in pursuit of greatness.","2025-12-19","18,53",7.4,2238
532870,"Run Sweetheart Run","A woman runs for her life though the streets of Los Angeles after her blind date suddenly turns violent.","2020-01-27","27,53",5.536,238
131634,"The Hunger Games: Mockingjay - Part 2","As the war between the Capitol and the districts reaches its peak, Katniss Everdeen embarks on a perilous mission to liberate Panem and confront President Snow. Joined by a team of trusted allies, she navigates deadly traps, shifting loyalties, and the heavy cost of rebellion, determined to bring freedom to her people and end the Hunger Games once and for all.","2015-11-18","28,12,878",6.897,13622
324552,"John Wick: Chapter 2","John Wick is forced out of retirement by a former associate looking to seize control of a shadowy international assassins’ guild. Bound by a blood oath to aid him, Wick travels to Rome and does battle against some of the world’s most dangerous killers.","2017-02-08","28,53,80",7.346,14661
181812,"Star Wars: The Rise of Skywalker","The surviving Resistance faces the First Order once again as the journey of Rey, Finn and Poe Dameron continues. With the power and knowledge of generations behind them, the final battle begins.","2019-12-18","12,28,878",6.246,11189
447332,"A Quiet Place","A family is forced to live in silence while hiding from creatures that hunt by sound.","2018-04-03","27,18,878",7.395,15765
1124620,"The Monkey","When twin brothers find a mysterious wind-up monkey, a series of outrageous deaths tear their family apart. Twenty-five years later, the monkey begins a new killing spree forcing the estranged brothers to confront the cursed toy.","2025-02-10","27,35",6,1472
1035259,"The Naked Gun","Only one man has the particular set of skills... to lead Police Squad and save the world: Lt. Frank Drebin Jr. Following in his father's footsteps, he must solve a murder case to prevent Police Squad from closure.","2025-07-30","35,80,28",6.342,2006
282035,"The Mummy","Though safely entombed in a crypt deep beneath the unforgiving desert, an ancient queen whose destiny was unjustly taken from her is awakened in our current day, bringing with her malevolence grown over millennia, and terrors that defy human comprehension.","2017-06-06","14,53,28,12,27",5.5,7815
507086,"Jurassic World Dominion","Four years after Isla Nublar was destroyed, dinosaurs now live—and hunt—alongside humans all over the world. This fragile balance will reshape the future and determine, once and for all, whether human beings are to remain the apex predators on a planet they now share with history's most fearsome creatures.","2022-06-01","12,878,53",6.589,7309
792307,"Poor Things","Brought back to life by an unorthodox scientist, a young woman runs off with a lawyer on a whirlwind adventure across the continents. Free from the prejudices of her times, she grows steadfast in her purpose to stand for equality and liberation.","2023-12-07","878,10749,35",7.6,5785
760104,"X","In 1979, a group of young filmmakers set out to make an adult film in rural Texas, but when their reclusive, elderly hosts catch them in the act, the cast find themselves fighting for their lives.","2022-03-17","27",6.7,4153
345887,"The Equalizer 2","Robert McCall, who serves an unflinching justice for the exploited and oppressed, embarks on a relentless, globe-trotting quest for vengeance when his former partner is murdered.","2018-07-19","28,53,80",6.795,6183
508947,"Turning Red","Thirteen-year-old Mei is experiencing the awkwardness of being a teenager with a twist – when she gets too excited, she transforms into a giant red panda.","2022-03-10","16,10751,35,14",7.327,6058
696506,"Mickey 17","Unlikely hero Mickey Barnes finds himself in the extraordinary circumstance of working for an employer who demands the ultimate commitment to the job… to die, for a living.","2025-02-28","878,35,12",6.823,4016
566525,"Shang-Chi and the Legend of the Ten Rings","Shang-Chi must confront the past he thought he left behind when he is drawn into the web of the mysterious Ten Rings organization.","2021-09-01","28,12,14",7.485,10777
575264,"Mission: Impossible - Dead Reckoning Part One","Ethan Hunt and his IMF team embark on their most dangerous mission yet: To track down a terrifying new weapon that threatens all of humanity before it falls into the wrong hands. With control of the future and the world's fate at stake and dark forces from Ethan's past closing in, a deadly race around the globe begins. Confronted by a mysterious, all-powerful enemy, Ethan must consider that nothing can matter more than his mission—not even the lives of those he cares about most.","2023-07-08","28,12,53",7.502,5400
209112,"Batman v Superman: Dawn of Justice","Fearing the actions of a god-like Super Hero left unchecked, Gotham City’s own formidable, forceful vigilante takes on Metropolis’s most revered, modern-day savior, while the world wrestles with what sort of hero it really needs. And with Batman and Superman at war with one another, a new threat quickly arises, putting mankind in greater danger than it’s ever known before.","2016-03-23","28,12,14",6.013,19410
870028,"The Accountant²","When an old acquaintance is murdered, Wolff is compelled to solve the case. Realizing more extreme measures are necessary, Wolff recruits his estranged and highly lethal brother, Brax, to help. In partnership with Marybeth Medina, they uncover a deadly conspiracy, becoming targets of a ruthless network of killers who will stop at nothing to keep their secrets buried.","2025-04-23","9648,80,53",7.08,1962
1011985,"Kung Fu Panda 4","Po is gearing up to become the spiritual leader of his Valley of Peace, but also needs someone to take his place as Dragon Warrior. As such, he will train a new kung fu practitioner for the spot and will encounter a villain called the Chameleon who conjures villains from the past.","2024-03-02","16,35,12,28,10751",7,3700
278154,"Ice Age: Collision Course","Set after the events of Continental Drift, Scrat's epic pursuit of his elusive acorn catapults him outside of Earth, where he accidentally sets off a series of cosmic events that transform and threaten the planet. To save themselves from peril, Manny, Sid, Diego, and the rest of the herd leave their home and embark on a quest full of thrills and spills, highs and lows, laughter and adventure while traveling to exotic new lands and locations.","2016-06-23","12,16,10751,35,878",6.1,4995
945961,"Alien: Romulus","While scavenging the deep ends of a derelict space station, a group of young space colonizers come face to face with the most terrifying life form in the universe.","2024-08-13","27,878",7.16,4929
1175942,"The Bad Guys 2","The now-reformed Bad Guys are trying (very, very hard) to be good, but instead find themselves hijacked into a high-stakes, globe-trotting heist, masterminded by a new team of criminals they never saw coming: The Bad Girls.","2025-07-24","10751,35,80,12,16,28",7.6,911
629542,"The Bad Guys","When the Bad Guys, a crew of criminal animals, are finally caught after years of heists and being the world’s most-wanted villains, Mr. Wolf brokers a deal to save them all from prison.","2022-03-17","28,12,16,35,80,10751",7.5,2687
698687,"Transformers One","The untold origin story of Optimus Prime and Megatron, better known as sworn enemies, but once were friends bonded like brothers who changed the fate of Cybertron forever.","2024-09-11","16,878,12,10751",7.977,1791
667538,"Transformers: Rise of the Beasts","When a new threat capable of destroying the entire planet emerges, Optimus Prime and the Autobots must team up with a powerful faction known as the Maximals. With the fate of humanity hanging in the balance, humans Noah and Elena will do whatever it takes to help the Transformers as they engage in the ultimate battle to save Earth.","2023-06-06","878,12,28",7.16,5447
490132,"Green Book","Tony Lip, a bouncer in 1962, is hired to drive pianist Don Shirley on a tour through the Deep South in the days when African Americans, forced to find alternate accommodations and services due to segregation laws below the Mason-Dixon Line, relied on a guide called The Negro Motorist Green Book.","2018-11-16","18,35,36",8.224,13304
260513,"Incredibles 2","Elastigirl springs into action to save the day, while Mr. Incredible faces his greatest challenge yet – taking care of the problems of his three children.","2018-06-14","28,12,16,10751",7.452,13974
420818,"The Lion King","Simba idolizes his father, King Mufasa, and takes to heart his own royal destiny. But not everyone in the kingdom celebrates the new cub's arrival. Scar, Mufasa's brother—and former heir to the throne—has plans of his own. The battle for Pride Rock is ravaged with betrayal, tragedy and drama, ultimately resulting in Simba's exile. With help from a curious pair of newfound friends, Simba will have to figure out how to grow up and take back what is rightfully his.","2019-07-12","12,18,10751,16",7.09,10924
398818,"Call Me by Your Name","In the summer of 1983, a 17-year-old Elio spends his days in his family's villa in Italy. One day Oliver, a graduate student, arrives to assist Elio's father, a professor of Greco-Roman culture. Soon, Elio and Oliver discover a summer that will alter their lives forever.","2017-10-01","10749,18",8.08,12965
799583,"The Ministry of Ungentlemanly Warfare","During World War II, the British Army assigns a group of competent soldiers to carry out a mission against the Nazi forces behind enemy lines... A true story about a secret British WWII organization — the Special Operations Executive. Founded by Winston Churchill, their irregular warfare against the Germans helped to change the course of the war, and gave birth to modern black operations.","2024-04-18","28,35,10752",6.996,2097
609681,"The Marvels","When her duties send her to an anomalous wormhole linked to a Kree revolutionary, Carol's powers become entangled with that of Jersey City super-fan Kamala Khan, aka Ms. Marvel, and Carol's estranged niece, now S.A.B.E.R. astronaut Captain Monica Rambeau. Together, this unlikely trio must team up and learn to work in concert to save the universe.","2023-11-08","878,12,28",5.9,3664
746036,"The Fall Guy","Fresh off an almost career-ending accident, stuntman Colt Seavers has to track down a missing movie star, solve a conspiracy and try to win back the love of his life while still doing his day job.","2024-04-24","28,35,10749",6.95,4083
1062722,"Frankenstein","Dr. Victor Frankenstein, a brilliant but egotistical scientist, brings a creature to life in a monstrous experiment that ultimately leads to the undoing of both the creator and his tragic creation.","2025-10-17","18,14,27",7.609,3898
263115,"Logan","In the near future, a weary Logan cares for an ailing Professor X in a hideout on the Mexican border. But Logan's attempts to hide from the world and his legacy are upended when a young mutant arrives, pursued by dark forces.","2017-02-28","28,18,878",7.82,20890
940551,"Migration","After a migrating duck family alights on their pond with thrilling tales of far-flung places, the Mallard family embarks on a family road trip, from New England, to New York City, to tropical Jamaica.","2023-12-06","10751,35,12,16",7.355,2329
207703,"Kingsman: The Secret Service","The story of a super-secret spy organization that recruits an unrefined but promising street kid into the agency's ultra-competitive training program just as a global threat emerges from a twisted tech genius.","2015-01-24","80,35,28",7.618,18211
298618,"The Flash","When his attempt to save his family inadvertently alters the future, Barry Allen becomes trapped in a reality in which General Zod has returned and there are no Super Heroes to turn to. In order to save the world that he is in and return to the future that he knows, Barry's only hope is to race for his life. But will making the ultimate sacrifice be enough to reset the universe?","2023-06-13","28,878,12",6.602,5291
1038392,"The Conjuring: Last Rites","Paranormal investigators Ed and Lorraine Warren take on one last terrifying case involving mysterious entities they must confront.","2025-09-03","27",6.9,2155
426063,"Nosferatu","A gothic tale of obsession between a haunted young woman and the terrifying vampire infatuated with her, causing untold horror in its wake.","2024-12-25","27,14",6.716,4002
929590,"Civil War","In the near future, a group of war journalists attempt to survive while reporting the truth as the United States stands on the brink of civil war.","2024-04-10","10752,28,18",6.844,4613
359724,"Ford v Ferrari","American car designer Carroll Shelby and the British-born driver Ken Miles work together to battle corporate interference, the laws of physics, and their own personal demons to build a revolutionary race car for Ford Motor Company and take on the dominating race cars of Enzo Ferrari at the 24 Hours of Le Mans in France in 1966.","2019-11-13","18,36,28",8.008,9332
572802,"Aquaman and the Lost Kingdom","Black Manta seeks revenge on Aquaman for his father's death. Wielding the Black Trident's power, he becomes a formidable foe. To defend Atlantis, Arthur (Aquaman) forges an alliance with his imprisoned brother. They must protect the kingdom.","2023-12-20","28,12,14",6.494,3685
1233575,"Black Bag","When intelligence agent Kathryn Woodhouse is suspected of betraying the nation, her husband – also a legendary agent – faces the ultimate test of whether to be loyal to his marriage, or his country.","2025-03-12","18,9648,53",6.373,1395
695721,"The Hunger Games: The Ballad of Songbirds & Snakes","64 years before he becomes the tyrannical president of Panem, Coriolanus Snow sees a chance for a change in fortunes when he mentors Lucy Gray Baird, the female tribute from District 12.","2023-11-15","878,28",6.952,3701
786892,"Furiosa: A Mad Max Saga","As the world falls, young Furiosa is snatched from the Green Place of Many Mothers into the hands of a great biker horde led by the warlord Dementus. Sweeping through the wasteland, they encounter the citadel presided over by Immortan Joe. The two tyrants wage war for dominance, and Furiosa must survive many trials as she puts together the means to find her way home.","2024-05-22","28,878,12",7.441,5230
458156,"John Wick: Chapter 3 - Parabellum","Super-assassin John Wick returns with a $14 million price tag on his head and an army of bounty-hunting killers on his trail. After killing a member of the shadowy international assassin’s guild, the High Table, John Wick is excommunicado, but the world’s most ruthless hit men and women await his every turn.","2019-05-15","28,53,80",7.439,12120
1087891,"The Amateur","After his life is turned upside down when his wife is killed in a London terrorist attack, a brilliant but introverted CIA decoder takes matters into his own hands when his supervisors refuse to take action.","2025-04-09","53,28",6.923,1805
567609,"Ready or Not","A young bride's wedding night turns into her worst nightmare when her ridiculously rich in-laws force her to play a gruesome game of hide-and-seek.","2019-08-21","27,35",7.096,5916
530915,"1917","At the height of the First World War, two young British soldiers must cross enemy territory and deliver a message that will stop a deadly attack on hundreds of soldiers.","2019-12-25","10752,18,36",7.983,13955
141052,"Justice League","Fuelled by his restored faith in humanity and inspired by Superman's selfless act, Bruce Wayne and Diana Prince assemble a team of metahumans consisting of Barry Allen, Arthur Curry and Victor Stone to face the catastrophic threat of Steppenwolf and the Parademons who are on the hunt for three Mother Boxes on Earth.","2017-11-15","28,12,878",6.065,13979
508442,"Soul","Joe Gardner is a middle school teacher with a love for jazz music. After a successful audition at the Half Note Club, he suddenly gets into an accident that separates his soul from his body and is transported to the You Seminar, a center in which souls develop and gain passions before being transported to a newborn child. Joe must enlist help from the other souls-in-training, like 22, a soul who has spent eons in the You Seminar, in order to get back to Earth.","2020-12-25","16,10751,18,10402,14",8.088,11773
102899,"Ant-Man","Armed with the astonishing ability to shrink in scale but increase in strength, master thief Scott Lang must embrace his inner-hero and help his mentor, Doctor Hank Pym, protect the secret behind his spectacular Ant-Man suit from a new generation of towering threats. Against seemingly insurmountable obstacles, Pym and Lang must plan and pull off a heist that will save the world.","2015-07-14","878,12,28",7.067,21299
412117,"The Secret Life of Pets 2","Max the terrier must cope with some major life changes when his owner gets married and has a baby. When the family takes a trip to the countryside, nervous Max has numerous run-ins with canine-intolerant cows, hostile foxes and a scary turkey. Luckily for Max, he soon catches a break when he meets Rooster, a gruff farm dog who tries to cure the lovable pooch of his neuroses.","2019-05-24","16,35,10751,12",6.949,3426
259316,"Fantastic Beasts and Where to Find Them","In 1926, Newt Scamander arrives at the Magical Congress of the United States of America with a magically expanded briefcase, which houses a number of dangerous creatures and their habitats. When the creatures escape from the briefcase, it sends the American wizarding authorities after Newt, and threatens to strain even further the state of magical and non-magical relations.","2016-11-16","14,12",7.307,20026
713704,"Evil Dead Rise","A reunion between two estranged sisters gets cut short by the rise of flesh-possessing demons, thrusting them into a primal battle for survival as they face the most nightmarish version of family imaginable.","2023-04-12","27,53",6.961,4025
351286,"Jurassic World: Fallen Kingdom","Three years after Jurassic World was destroyed, Isla Nublar now sits abandoned. When the island's dormant volcano begins roaring to life, Owen and Claire mount a campaign to rescue the remaining dinosaurs from this extinction-level event.","2018-06-06","12,878,53",6.523,13039
550988,"Free Guy","A bank teller discovers he is actually a background player in an open-world video game, and decides to become the hero of his own story. Now, in a world where there are no limits, he is determined to be the guy who saves his world his way before it's too late.","2021-08-11","35,12,878",7.432,10217
574475,"Final Destination Bloodlines","Plagued by a violent recurring nightmare, college student Stefanie heads home to track down the one person who might be able to break the cycle and save her family from the grisly demise that inevitably awaits them all.","2025-05-14","27,9648",7.035,3142
321612,"Beauty and the Beast","A live-action adaptation of Disney's version of the classic tale of a cursed prince and a beautiful young woman who helps him break the spell.","2017-03-16","10751,14,10749",6.967,16180
1084199,"Companion","During a weekend getaway at a secluded lakeside estate, a group of friends finds themselves entangled in a web of secrets, deception, and advanced technology. As tensions rise and loyalties are tested, they uncover unsettling truths about themselves and the world around them.","2025-01-22","27,878,53",7,2675
135397,"Jurassic World","Twenty-two years after the events of Jurassic Park, Isla Nublar now features a fully functioning dinosaur theme park, Jurassic World, as originally envisioned by John Hammond.","2015-06-06","12,878,53",6.703,21949
402431,"Wicked","In the land of Oz, ostracized and misunderstood green-skinned Elphaba is forced to share a room with the popular aristocrat Glinda at Shiz University, and the two's unlikely friendship is tested as they begin to fulfill their respective destinies as Glinda the Good and the Wicked Witch of the West.","2024-10-16","18,10749,14",6.903,3255
640146,"Ant-Man and the Wasp: Quantumania","Super-Hero partners Scott Lang and Hope van Dyne, along with with Hope's parents Janet van Dyne and Hank Pym, and Scott's daughter Cassie Lang, find themselves exploring the Quantum Realm, interacting with strange new creatures and embarking on an adventure that will push them beyond the limits of what they thought possible.","2023-02-15","28,12,878",6.21,6138
166426,"Pirates of the Caribbean: Dead Men Tell No Tales","Thrust into an all-new adventure, a down-on-his-luck Capt. Jack Sparrow feels the winds of ill-fortune blowing even more strongly when deadly ghost sailors led by his old nemesis, the evil Capt. Salazar, escape from the Devil's Triangle. Jack's only hope of survival lies in seeking out the legendary Trident of Poseidon, but to find it, he must forge an uneasy alliance with a brilliant and beautiful astronomer and a headstrong young man in the British navy.","2017-05-23","12,28,14",6.664,13101
337167,"Fifty Shades Freed","Believing they have left behind shadowy figures from their past, newlyweds Christian and Ana fully embrace an inextricable connection and shared life of luxury. But just as she steps into her role as Mrs. Grey and he relaxes into an unfamiliar stability, new threats could jeopardize their happy ending before it even begins.","2018-01-17","18,10749",6.668,8436
331482,"Little Women","Four sisters come of age in America in the aftermath of the Civil War.","2019-12-25","18,10749",7.842,7020
474350,"It Chapter Two","27 years after overcoming the malevolent supernatural entity Pennywise, the former members of the Losers' Club, who have grown up and moved away from Derry, are brought back together by a devastating phone call.","2019-09-04","27,53,18",6.827,9877
1119878,"Ice Road: Vengeance","Big rig ice road driver Mike McCann travels to Nepal to scatter his late brother’s ashes on Mt. Everest. While on a packed tour bus traversing the deadly 12,000 ft. terrain of the infamous Road to the Sky, McCann and his mountain guide encounter a group of mercenaries and must fight to save themselves, the busload of innocent travelers, and the local villagers’ homeland.","2025-06-27","28,53,18",6.219,675
246655,"X-Men: Apocalypse","After the re-emergence of the world's first mutant, world-destroyer Apocalypse, the X-Men must unite to defeat his extinction level plan.","2016-05-18","878,14,28",6.528,14149
941109,"Play Dirty","Expert thief Parker gets a shot at a major heist, but to pull it off he and his team must outsmart a South American dictator, the New York mob, and the world's richest man.","2025-09-30","80,28,53",6.577,723
1299655,"Blue Moon","On the evening of March 31, 1943, legendary lyricist Lorenz Hart confronts his shattered self-confidence in Sardi’s bar as his former collaborator, Richard Rodgers, celebrates the opening night of his ground-breaking hit musical, “Oklahoma!”","2025-10-17","10402,36,18,35",6.6,337
1072790,"Anyone but You","After an amazing first date, Bea and Ben’s fiery attraction turns ice cold — until they find themselves unexpectedly reunited at a destination wedding in Australia. So they do what any two mature adults would do: pretend to be a couple.","2023-12-21","10749,35",6.746,3236
1153714,"Death of a Unicorn","A father and daughter accidentally hit and kill a unicorn while en route to a weekend retreat, where his billionaire boss seeks to exploit the creature’s miraculous curative properties.","2025-03-17","27,14,35",6.392,935
934433,"Scream VI","Following the latest Ghostface killings, the four survivors leave Woodsboro behind and start a fresh chapter.","2023-03-08","27,53,80",6.92,3345
438695,"Sing 2","Buster and his new cast now have their sights set on debuting a new show at the Crystal Tower Theater in glamorous Redshore City. But with no connections, he and his singers must sneak into the Crystal Entertainment offices, run by the ruthless wolf mogul Jimmy Crystal, where the gang pitches the ridiculous idea of casting the lion rock legend Clay Calloway in their show. Buster must embark on a quest to find the now-isolated Clay and persuade him to return to the stage.","2021-12-01","16,35,10751,10402",7.832,4920
363088,"Ant-Man and the Wasp","Just when his time under house arrest is about to end, Scott Lang once again puts his freedom at risk to help Hope van Dyne and Dr. Hank Pym dive into the quantum realm and try to accomplish, against time and any chance of success, a very dangerous rescue mission.","2018-07-04","28,12,878",6.894,14553
1007734,"Nobody 2","Former assassin Hutch Mansell takes his family on a nostalgic vacation to a small-town theme park, only to be pulled back into violence when they clash with a corrupt operator, a crooked sheriff, and a ruthless crime boss.","2025-08-13","28,53,80",6.915,1875
1008042,"Talk to Me","When a group of friends discover how to conjure spirits using an embalmed hand, they become hooked on the new thrill, until one of them goes too far and unleashes terrifying supernatural forces.","2023-07-26","27",7.1,3999
749170,"Heads of State","The UK Prime Minister and US President have a public rivalry that risks their countries' alliance. But when they become targets of a powerful enemy, they're forced to rely on each other as they go on a wild, multinational run. Allied with Noel, a brilliant MI6 agent, they must find a way to thwart a conspiracy that threatens the free world.","2025-06-24","28,53,35",6.822,1158
843527,"The Idea of You","40-year-old single mom Solène begins an unexpected romance with 24-year-old Hayes Campbell, the lead singer of August Moon, the hottest boy band on the planet. As they begin a whirlwind romance, it isn't long before Hayes' superstar status poses unavoidable challenges to their relationship, and Solène soon discovers that life in the glare of his spotlight might be more than she bargained for.","2024-05-02","10402,35,10749,18",7.242,2037
290859,"Terminator: Dark Fate","Decades after Sarah Connor prevented Judgment Day, a lethal new Terminator is sent to eliminate the future leader of the resistance. In a fight to save mankind, battle-hardened Sarah Connor teams up with an unexpected ally and an enhanced super soldier to stop the deadliest Terminator yet.","2019-10-23","878,28,12,53",6.421,5883
177677,"Mission: Impossible - Rogue Nation","Ethan and team take on their most impossible mission yet—eradicating 'The Syndicate', an International and highly-skilled rogue organization committed to destroying the IMF.","2015-07-28","28,12",7.2,9973
1151031,"Bring Her Back","Following the death of their father, a brother and sister are sent to live with a foster mother, only to learn that she is hiding a terrifying secret.","2025-05-19","27",7.3,1977
168259,"Furious 7","Deckard Shaw seeks revenge against Dominic Toretto and his family for his comatose brother.","2015-04-01","28,80,53",7.211,11514
318846,"The Big Short","The men who made millions from a global economic meltdown.","2015-12-11","35,18",7.374,10123
320288,"Dark Phoenix","The X-Men face their most formidable and powerful foe when one of their own, Jean Grey, starts to spiral out of control. During a rescue mission in outer space, Jean is nearly killed when she's hit by a mysterious cosmic force. Once she returns home, this force not only makes her infinitely more powerful, but far more unstable. The X-Men must now band together to save her soul and battle aliens that want to use Grey's new abilities to rule the galaxy.","2019-06-05","878,28,12",5.959,7330
791373,"Zack Snyder's Justice League","Determined to ensure Superman's ultimate sacrifice was not in vain, Bruce Wayne aligns forces with Diana Prince with plans to recruit a team of metahumans to protect the world from an approaching threat of catastrophic proportions.","2021-03-18","28,12,14",8.072,11181
333339,"Ready Player One","When the creator of a popular video game system dies, a virtual contest is created to compete for his fortune.","2018-03-28","12,28,878",7.586,17408
439079,"The Nun","A priest with a dark past and a novice nearing her final vows are sent by the Vatican to Romania to investigate a nun's death and face a demonic force.","2018-09-05","27",5.91,7329
47971,"xXx: Return of Xander Cage","Xander Cage is left for dead after an incident, though he secretly returns to action for a new, tough assignment with his handler Augustus Gibbons.","2017-01-13","28,12,80",6.128,9341
297762,"Wonder Woman","An Amazon princess comes to the world of Man in the grips of the First World War to confront the forces of evil and bring an end to human conflict.","2017-05-30","28,12,14",7.2,21246
670292,"The Creator","Amid a future war between the human race and the forces of artificial intelligence, a hardened ex-special forces agent grieving the disappearance of his wife, is recruited to hunt down and kill the Creator, the elusive architect of advanced AI who has developed a mysterious weapon with the power to end the war—and mankind itself.","2023-09-27","878,28,12",7.025,4205
937287,"Challengers","Tennis player turned coach Tashi has taken her husband, Art, and transformed him into a world-famous Major champion. To jolt him out of his recent losing streak, she signs him up for a ""Challenger"" event — close to the lowest level of pro tournament — where he finds himself standing across the net from his former best friend and Tashi's former boyfriend.","2024-04-18","18,10749",6.912,2874
140607,"Star Wars: The Force Awakens","Thirty years after defeating the Galactic Empire, Han Solo and his allies face a new threat from the evil Kylo Ren and his army of Stormtroopers.","2015-12-15","12,28,878",7.24,20958
507089,"Five Nights at Freddy's","Recently fired and desperate for work, a troubled young man named Mike agrees to take a position as a night security guard at an abandoned theme restaurant: Freddy Fazbear's Pizzeria. But he soon discovers that nothing at Freddy's is what it seems.","2023-10-25","27,53",7.271,5207
614479,"Insidious: The Red Door","To put their demons to rest once and for all, Josh Lambert and a college-aged Dalton Lambert must go deeper into The Further than ever before, facing their family's dark past and a host of new and more horrifying terrors that lurk behind the red door.","2023-07-05","27,53",6.526,2125
270303,"It Follows","A young woman is followed by an unknown supernatural force after a sexual encounter.","2015-02-04","27,9648",6.583,7174
446893,"Trolls World Tour","Queen Poppy and Branch make a surprising discovery — there are other Troll worlds beyond their own, and their distinct differences create big clashes between these various tribes. When a mysterious threat puts all of the Trolls across the land in danger, Poppy, Branch, and their band of friends must embark on an epic quest to create harmony among the feuding Trolls to unite them against certain doom.","2020-03-11","10751,16,35,14,12,10402",7.2,2314
423108,"The Conjuring: The Devil Made Me Do It","Paranormal investigators Ed and Lorraine Warren encounter what would become one of the most sensational cases from their files. The fight for the soul of a young boy takes them beyond anything they'd ever seen before, to mark the first time in U.S. history that a murder suspect would claim demonic possession as a defense.","2021-05-25","27,9648,53",7.334,6730
273248,"The Hateful Eight","Bounty hunters seek shelter from a raging blizzard and get caught up in a plot of betrayal and deception.","2015-12-25","18,9648,37",7.755,15658
604079,"The Long Walk","In a dystopian 1970s America, fifty teenage boys take part in a deadly annual walking contest, forced to maintain a minimum pace or be executed, until only one survivor remains.","2025-09-10","878,53,27",6.855,1979
302946,"The Accountant","As a math savant uncooks the books for a new client, the Treasury Department closes in on his activities and the body count starts to rise.","2016-10-13","80,53,18",7.141,7617
291805,"Now You See Me 2","One year after outwitting the FBI and winning the public’s adulation with their mind-bending spectacles, the Four Horsemen resurface only to find themselves face to face with a new enemy who enlists them to pull off their most dangerous heist yet.","2016-06-02","80,53",6.822,11839
254128,"San Andreas","In the aftermath of a massive earthquake in California, a rescue-chopper pilot makes a dangerous journey across the state in order to rescue his estranged daughter.","2015-05-27","28,18,53",6.25,9226
697843,"Extraction 2","Back from the brink of death, highly skilled commando Tyler Rake takes on another dangerous mission: saving the imprisoned family of a ruthless gangster.","2023-06-09","28,53,80",7.385,3076
577922,"Tenet","Armed with only one word - Tenet - and fighting for the survival of the entire world, the Protagonist journeys through a twilight world of international espionage on a mission that will unfold in something beyond real time.","2020-08-22","28,53,878",7.172,11570
889737,"Joker: Folie à Deux","While struggling with his dual identity, Arthur Fleck not only stumbles upon true love, but also finds the music that's always been inside him.","2024-10-01","18,80,53",5.405,3080
273481,"Sicario","An idealistic FBI agent is enlisted by a government task force to aid in the escalating war against drugs at the border area between the U.S. and Mexico.","2015-09-17","28,80,53",7.43,9917
335787,"Uncharted","A young street-smart, Nathan Drake and his wisecracking partner Victor “Sully” Sullivan embark on a dangerous pursuit of “the greatest treasure never found” while also tracking clues that may lead to Nathan’s long-lost brother.","2022-02-10","28,12,9648",6.87,7190
639933,"The Northman","Prince Amleth is on the verge of becoming a man when his father is brutally murdered by his uncle, who kidnaps the boy's mother. Two decades later, Amleth is now a Viking who's on a mission to save his mother, kill his uncle and avenge his father.","2022-04-07","28,12,14",7.022,5306
812583,"Wake Up Dead Man: A Knives Out Mystery","When young priest Jud Duplenticy is sent to assist charismatic firebrand Monsignor Jefferson Wicks, it’s clear that all is not well in the pews. After a sudden and seemingly impossible murder rocks the town, the lack of an obvious suspect prompts local police chief Geraldine Scott to join forces with renowned detective Benoit Blanc to unravel a mystery that defies all logic.","2025-11-26","53,9648,35",7.205,2916
968051,"The Nun II","In 1956 France, a priest is violently murdered, and Sister Irene begins to investigate. She once again comes face-to-face with a powerful evil.","2023-09-06","27",6.623,2594
1064213,"Anora","A young sex worker from Brooklyn gets her chance at a Cinderella story when she meets and impulsively marries the son of an oligarch. Once the news reaches Russia, her fairytale is threatened as his parents set out to get the marriage annulled.","2024-10-14","18,35,10749",7.1,3490
316029,"The Greatest Showman","The story of American showman P.T. Barnum, founder of the circus that became the famous traveling Ringling Bros. and Barnum & Bailey Circus.","2017-12-20","18",7.9,10257
395834,"Wind River","An FBI agent teams with the town's veteran game tracker to investigate a murder that occurred on a Native American reservation.","2017-08-03","80,9648,53",7.442,5984
296096,"Me Before You","Lou Clark, a directionless 26-year-old from the English countryside, takes a job at the local castle as a caregiver and companion to a wealthy young banker, Will Traynor. Wheelchair-bound from an accident two years prior, the once adventurous Will has all but given up — that is until Lou determines to show him that life is worth living.","2016-06-01","18,10749",7.932,13607
447277,"The Little Mermaid","The youngest of King Triton’s daughters, and the most defiant, Ariel longs to find out more about the world beyond the sea, and while visiting the surface, falls for the dashing Prince Eric. With mermaids forbidden to interact with humans, Ariel makes a deal with the evil sea witch, Ursula, which gives her a chance to experience life on land, but ultimately places her life – and her father’s crown – in jeopardy.","2023-05-18","12,10751,14,10749",6.247,3424
974262,"Descendants: The Rise of Red","After the Queen of Hearts incites a coup on Auradon, her rebellious daughter Red and Cinderella's perfectionist daughter Chloe join forces and travel back in time to try to undo the traumatic event that set Red's mother down her villainous path.","2024-07-11","14,12,10751,35",6.7,530
913290,"Barbarian","In town for a job interview, a young woman arrives at her Airbnb late at night only to find that it has been mistakenly double-booked and a strange man is already staying there. Against her better judgement, she decides to stay the night anyway.","2022-08-29","27,9648,53",6.882,3560
515001,"Jojo Rabbit","Jojo, a lonely German boy during World War II has his world shaken when he learns that his single mother is hiding a Jewish girl in their home. Influenced by a buffoonish imaginary version of Adolf Hitler, he begins to question his beliefs and confront the conflict between propaganda and his own humanity.","2019-10-18","35,10752,18",7.974,10728
1034541,"Terrifier 3","Five years after surviving Art the Clown's Halloween massacre, Sienna and Jonathan are still struggling to rebuild their shattered lives. As the holiday season approaches, they try to embrace the Christmas spirit and leave the horrors of the past behind. But just when they think they're safe, Art returns, determined to turn their holiday cheer into a new nightmare. The festive season quickly unravels as Art unleashes his twisted brand of terror, proving that no holiday is safe.","2024-10-09","27",6.754,2049
297761,"Suicide Squad","From DC Comics comes the Suicide Squad, an antihero team of incarcerated supervillains who act as deniable assets for the United States government, undertaking high-risk black ops missions in exchange for commuted prison sentences.","2016-08-03","28,12,14",5.916,22464
338953,"Fantastic Beasts: The Secrets of Dumbledore","Professor Albus Dumbledore knows the powerful, dark wizard Gellert Grindelwald is moving to seize control of the wizarding world. Unable to stop him alone, he entrusts magizoologist Newt Scamander to lead an intrepid team of wizards and witches. They soon encounter an array of old and new beasts as they clash with Grindelwald's growing legion of followers.","2022-04-06","14,12",6.62,5276
438148,"Minions: The Rise of Gru","A fanboy of a supervillain supergroup known as the Vicious 6, Gru hatches a plan to become evil enough to join them, with the backup of his followers, the Minions.","2022-06-29","16,35,80,878,10751",7.262,4196
257211,"The Intern","70-year-old widower Ben Whittaker has discovered that retirement isn't all it's cracked up to be. Seizing an opportunity to get back in the game, he becomes a senior intern at an online fashion site, founded and run by Jules Ostin.","2015-09-23","35",7.225,7518
339403,"Baby Driver","After being coerced into working for a crime boss, a young getaway driver finds himself taking part in a heist doomed to fail.","2017-06-28","28,80",7.446,17244
332562,"A Star Is Born","Seasoned musician Jackson Maine discovers — and falls in love with — struggling artist Ally. She has just about given up on her dream to make it big as a singer — until Jack coaxes her into the spotlight. But even as Ally's career takes off, the personal side of their relationship is breaking down, as Jack fights an ongoing battle with his own internal demons.","2018-10-03","10402,18,10749",7.488,12413
530385,"Midsommar","Several friends travel to Sweden to study as anthropologists a summer festival that is held every ninety years in the remote hometown of one of them. What begins as a dream vacation in a place where the sun never sets, gradually turns into a dark nightmare as the mysterious inhabitants invite them to participate in their disturbing festive activities.","2019-07-03","27,18,9648",7.145,8462
406563,"Insidious: The Last Key","Parapsychologist Elise Rainier and her team travel to Five Keys, NM, to investigate a man’s claim of a haunting. Terror soon strikes when Rainier realizes that the house he lives in was her family’s old home.","2018-01-03","27,53",6.281,3284
615457,"Nobody","Hutch Mansell, a suburban dad, overlooked husband, nothing neighbor — a ""nobody."" When two thieves break into his home one night, Hutch's unknown long-simmering rage is ignited and propels him on a brutal path that will uncover dark secrets he fought to leave behind.","2021-03-18","28,53",7.861,8759
293863,"The Age of Adaline","After 29-year-old Adaline recovers from a nearly lethal accident, she inexplicably stops growing older. As the years stretch on and on, Adaline keeps her secret to herself  until she meets a man who changes her life.","2015-04-16","10749,14,18",7.466,7213
505026,"Death on the Nile","Belgian sleuth Hercule Poirot's Egyptian vacation aboard a glamorous river steamer turns into a terrifying search for a murderer when a picture-perfect couple's idyllic honeymoon is tragically cut short.","2022-02-09","9648,80,53",6.404,4381
493529,"Dungeons & Dragons: Honor Among Thieves","A charming thief and a band of unlikely adventurers undertake an epic heist to retrieve a lost relic, but things go dangerously awry when they run afoul of the wrong people.","2023-03-23","12,14,35",7.357,4958
1363123,"The Family Plan 2","Now that Dan's assassin days are behind him, all he wants for Christmas is quality time with his kids. But when he learns his daughter has her own plans, he books a family trip to London—putting them all in the crosshairs of an unexpected enemy.","2025-11-11","28,35",6.582,662
324852,"Despicable Me 3","Gru and his wife Lucy must stop former '80s child star Balthazar Bratt from achieving world domination.","2017-06-15","28,16,35,10751,12",6.468,7807
343668,"Kingsman: The Golden Circle","When an attack on the Kingsman headquarters takes place and a new villain rises, Eggsy and Merlin are forced to work together with the American agency known as the Statesman to save the world.","2017-09-20","80,35,28",6.941,11406
476669,"The King's Man","As a collection of history's worst tyrants and criminal masterminds gather to plot a war to wipe out millions, one man must race against time to stop them.","2021-12-22","28,12,53",6.704,5245
661374,"Glass Onion: A Knives Out Mystery","World-famous detective Benoit Blanc heads to Greece to peel back the layers of a mystery surrounding a tech billionaire and his eclectic crew of friends.","2022-11-23","35,80,9648",7.02,7219
524434,"Eternals","The Eternals are a team of ancient aliens who have been living on Earth in secret for thousands of years. When an unexpected tragedy forces them out of the shadows, they are forced to reunite against mankind’s most ancient enemy, the Deviants.","2021-11-03","878,28,12",6.751,9449
980489,"Gran Turismo","The ultimate wish-fulfillment tale of a teenage Gran Turismo player whose gaming skills won him a series of Nissan competitions to become an actual professional racecar driver.","2023-08-09","12,18,28",7.691,3594
785084,"The Whale","A reclusive English teacher suffering from severe obesity attempts to reconnect with his estranged teenage daughter for one last chance at redemption.","2022-12-09","18",7.75,4931
646380,"Don't Look Up","Two astronomers go on a media tour to warn humankind of a planet-killing comet hurtling toward Earth. The response from a distracted world: Meh.","2021-12-08","35,878,18",7.054,9728
882569,"Guy Ritchie's The Covenant","After an ambush, Afghan interpreter Ahmed goes to Herculean lengths to save US Army Sergeant John Kinley's life. When Kinley learns that Ahmed and his family were not given safe passage to America as promised, he must return to the war zone and repay his debt.","2023-04-19","10752,28,53",7.719,3383
140300,"Kung Fu Panda 3","While Po and his father are visiting a secret panda village, an evil spirit threatens all of China, forcing Po to form a ragtag army to fight back.","2016-01-23","16,28,12,35,10751",6.94,6789
1022787,"Elio","Elio, a space fanatic with an active imagination, finds himself on a cosmic misadventure where he must form new bonds with eccentric alien lifeforms, navigate a crisis of intergalactic proportions and somehow discover who he is truly meant to be.","2025-06-18","16,12,878,10751,35",6.9,1145
345940,"The Meg","A deep sea submersible pilot revisits his past fears in the Mariana Trench, and accidentally unleashes the seventy foot ancestor of the Great White Shark believed to be extinct.","2018-08-08","28,878,27",6.25,8413
930094,"Red, White & Royal Blue","After an altercation between Alex, the president's son, and Britain's Prince Henry at a royal event becomes tabloid fodder, their long-running feud now threatens to drive a wedge in U.S./British relations. When the rivals are forced into a staged truce, their icy relationship begins to thaw and the friction between them sparks something deeper than they ever expected.","2023-07-27","35,10749",7.929,1640
257344,"Pixels","Video game experts are recruited by the military to fight 1980s-era video game characters who've attacked New York.","2015-07-16","28,35,878,12,14",5.8,8212
937278,"A Man Called Otto","When a lively young family moves in next door, grumpy widower Otto Anderson meets his match in a quick-witted, pregnant woman named Marisol, leading to an unlikely friendship that turns his world upside down.","2022-12-28","35,18",7.748,3792
198184,"Chappie","Every child comes into the world full of promise, and none more so than Chappie: he is gifted, special, a prodigy. Like any child, Chappie will come under the influence of his surroundings—some good, some bad—and he will rely on his heart and soul to find his way in the world and become his own man. But there's one thing that makes Chappie different from any one else: he is a robot.","2015-03-04","80,28,878",6.792,8693
573435,"Bad Boys: Ride or Die","After their late former Captain is framed, Lowrey and Burnett try to clear his name, only to end up on the run themselves.","2024-06-05","28,35,80",7.312,3484
1136867,"Materialists","A young, ambitious New York City matchmaker finds herself torn between the perfect match and her imperfect ex.","2025-06-12","10749,18",6.274,1453
917496,"Beetlejuice Beetlejuice","After a family tragedy, three generations of the Deetz family return home to Winter River. Still haunted by Betelgeuse, Lydia's life is turned upside down when her teenage daughter, Astrid, accidentally opens the portal to the Afterlife.","2024-09-04","35,14",6.919,3345
520763,"A Quiet Place Part II","Following the events at home, the Abbott family now face the terrors of the outside world. Forced to venture into the unknown, they realize that the creatures that hunt by sound are not the only threats that lurk beyond the sand path.","2021-05-21","878,53,27",7.428,7663
335983,"Venom","Investigative journalist Eddie Brock attempts a comeback following a scandal, but accidentally becomes the host of Venom, a violent, super powerful alien symbiote. Soon, he must rely on his newfound powers to protect the world from a shadowy organization looking for a symbiote of their own.","2018-09-28","878,28",6.823,17642
424694,"Bohemian Rhapsody","Singer Freddie Mercury, guitarist Brian May, drummer Roger Taylor and bass guitarist John Deacon take the music world by storm when they form the rock 'n' roll band Queen in 1970. Hit songs become instant classics. When Mercury's increasingly wild lifestyle starts to spiral out of control, Queen soon faces its greatest challenge yet – finding a way to keep the band together amid the success and excess.","2018-10-24","10402,18",7.949,18078
533533,"TRON: Ares","A highly sophisticated Program called Ares is sent from the digital world into the real world on a dangerous mission, marking humankind's first encounter with A.I. beings.","2025-10-08","878,12,28",6.454,1658
373571,"Godzilla: King of the Monsters","Follows the heroic efforts of the crypto-zoological agency Monarch as its members face off against a battery of god-sized monsters, including the mighty Godzilla, who collides with Mothra, Rodan, and his ultimate nemesis, the three-headed King Ghidorah. When these ancient super-species, thought to be mere myths, rise again, they all vie for supremacy, leaving humanity's very existence hanging in the balance.","2019-05-29","878,28",6.683,6931
464052,"Wonder Woman 1984","A botched store robbery places Wonder Woman in a global battle against a powerful and mysterious ancient force that puts her powers in jeopardy.","2020-12-16","28,12,14",6.346,9282
580489,"Venom: Let There Be Carnage","After finding a host body in investigative reporter Eddie Brock, the alien symbiote must face a new enemy, Carnage, the alter ego of serial killer Cletus Kasady.","2021-09-30","878,28,12",6.727,11457
1294203,"My Fault: London","18-year-old Noah moves from America to London, with her mother who's recently fallen in love with William, a wealthy British businessman. Noah meets William’s son, bad-boy Nick, and soon discovers there is an attraction between them neither can avoid. As Noah spends the summer adjusting to her new life, her devastating past will catch up with her while falling in love for the first time.","2025-02-12","18,10749",7.4,628
399174,"Isle of Dogs","In the future, an outbreak of canine flu leads the mayor of a Japanese city to banish all dogs to an island used as a garbage dump. The outcasts must soon embark on an epic journey when a 12-year-old boy arrives on the island to find his beloved pet.","2018-03-23","12,35,16",7.849,5581
529203,"The Croods: A New Age","Searching for a safer habitat, the prehistoric Crood family discovers an idyllic, walled-in paradise that meets all of its needs. Unfortunately, they must also learn to live with the Bettermans -- a family that's a couple of steps above the Croods on the evolutionary ladder. As tensions between the new neighbors start to rise, a new threat soon propels both clans on an epic adventure that forces them to embrace their differences, draw strength from one another, and survive together.","2020-11-25","16,10751,12,14,35",7.436,4249
512200,"Jumanji: The Next Level","As the gang return to Jumanji to rescue one of their own, they discover that nothing is as they expect. The players will have to brave parts unknown and unexplored in order to escape the world’s most dangerous game.","2019-12-04","12,35,14",6.866,9630
1232546,"Until Dawn","One year after her sister Melanie mysteriously disappeared, Clover and her friends head into the remote valley where she vanished in search of answers. Exploring an abandoned visitor center, they find themselves stalked by a masked killer and horrifically murdered one by one...only to wake up and find themselves back at the beginning of the same evening.","2025-04-23","27,9648",6.25,1605
360920,"The Grinch","The Grinch hatches a scheme to ruin Christmas when the residents of Whoville plan their annual holiday celebration. But a certain little who might change things.","2018-11-08","16,35,10751,14",6.861,4527
425909,"Ghostbusters: Afterlife","When single mom Callie and her two kids Trevor and Phoebe arrive in a small Oklahoma town, they begin to discover their connection to the original Ghostbusters and the secret legacy their grandfather left behind.","2021-11-18","14,35,12",7.3,5353
568124,"Encanto","The tale of an extraordinary family, the Madrigals, who live hidden in the mountains of Colombia, in a magical house, in a vibrant town, in a wondrous, charmed place called an Encanto. The magic of the Encanto has blessed every child in the family—every child except one, Mirabel. But when she discovers that the magic surrounding the Encanto is in danger, Mirabel decides that she, the only ordinary Madrigal, might just be her exceptional family's last hope.","2021-10-13","16,35,10751,14",7.566,10423
495764,"Birds of Prey (and the Fantabulous Emancipation of One Harley Quinn)","Harley Quinn joins forces with a singer, an assassin and a police detective to help a young girl who had a hit placed on her after she stole a rare diamond from a crime lord.","2020-02-05","28,80",6.863,11024
335977,"Indiana Jones and the Dial of Destiny","Finding himself in a new era, and approaching retirement, Indy wrestles with fitting into a world that seems to have outgrown him. But as the tentacles of an all-too-familiar evil return in the form of an old rival, Indy must don his hat and pick up his whip once more to make sure an ancient and powerful artifact doesn't fall into the wrong hands.","2023-06-25","12,28",6.493,4384
281338,"War for the Planet of the Apes","Caesar and his apes are forced into a deadly conflict with an army of humans led by a ruthless Colonel. After the apes suffer unimaginable losses, Caesar wrestles with his darker instincts and begins his own mythic quest to avenge his kind. As the journey finally brings them face to face, Caesar and the Colonel are pitted against each other in an epic battle that will determine the fate of both their species and the future of the planet.","2017-07-11","18,878,10752",7.225,9986
280092,"Insidious: Chapter 3","A prequel set before the haunting of the Lambert family that reveals how gifted psychic Elise Rainier reluctantly agrees to use her ability to contact the dead in order to help a teenage girl who has been targeted by a dangerous supernatural entity.","2015-05-28","27,53",6.302,3773
338970,"Tomb Raider","Lara Croft, the fiercely independent daughter of a missing adventurer, must push herself beyond her limits when she finds herself on the island where her father disappeared.","2018-03-05","28,12,14",6.363,8541
38700,"Bad Boys for Life","Marcus and Mike are forced to confront new threats, career changes, and midlife crises as they join the newly created elite team AMMO of the Miami police department to take down the ruthless Armando Armas, the vicious leader of a Miami drug cartel.","2020-01-15","53,28,80",7.105,8903
1064028,"Subservience","With his wife out sick, a struggling father brings home a lifelike AI, only to have his self-aware new help want everything her new family has to offer... Like the affection of her owner and she'll kill to get it.","2024-08-15","27,878,53",6.641,1124
1245993,"Caught Stealing","Burned-out ex-baseball player Hank Thompson unexpectedly finds himself embroiled in a dangerous struggle for survival amidst the criminal underbelly of late 1990s New York City, forced to navigate a treacherous underworld he never imagined.","2025-08-26","80,53,35",6.835,1156
293167,"Kong: Skull Island","Explore the mysterious and dangerous home of the king of the apes as a team of explorers ventures deep inside the treacherous, primordial island.","2017-03-08","28,12,14",6.56,11368
858024,"Hamnet","The powerful story of love and loss that inspired the creation of Shakespeare's timeless masterpiece, Hamlet.","2025-11-26","18,10749",7.717,1651
675353,"Sonic the Hedgehog 2","After settling in Green Hills, Sonic is eager to prove he has what it takes to be a true hero. His test comes when Dr. Robotnik returns, this time with a new partner, Knuckles, in search for an emerald that has the power to destroy civilizations. Sonic teams up with his own sidekick, Tails, and together they embark on a globe-trotting journey to find the emerald before it falls into the wrong hands.","2022-03-30","28,12,10751,35",7.415,6033
1239193,"Deep Cover","Kat is an improv comedy teacher beginning to question if she’s missed her shot at success. When an undercover cop offers her the role of a lifetime, she recruits two of her students to infiltrate London’s gangland by impersonating dangerous criminals.","2025-06-12","28,35,80",6.713,656
353081,"Mission: Impossible - Fallout","When an IMF mission ends badly, the world is faced with dire consequences. As Ethan Hunt takes it upon himself to fulfill his original briefing, the CIA begin to question his loyalty and his motives. The IMF team find themselves in a race against time, hunted by assassins while trying to prevent a global catastrophe.","2018-07-25","28,12",7.5,9414
1197137,"Black Phone 2","Four years after defeating The Grabber, Finney Blake is struggling with life after captivity. When his younger sister Gwen begins receiving calls in her dreams from the Black Phone and seeing disturbing visions of three boys being stalked at a winter camp, the siblings become determined to solve the mystery and confront a killer who has grown more powerful in death and more significant to them than either could imagine.","2025-10-15","27,53",6.634,1364
646385,"Scream","Twenty-five years after a streak of brutal murders shocked the quiet town of Woodsboro, a new killer has donned the Ghostface mask and begins targeting a group of teenagers to resurrect secrets from the town’s deadly past.","2022-01-12","27,9648",6.673,4038
315837,"Ghost in the Shell","In the near future, Major is the first of her kind: a human saved from a terrible crash, then cyber-enhanced to be a perfect soldier devoted to stopping the world's most dangerous criminals.","2017-03-29","878,18,28",6.114,8767
76757,"Jupiter Ascending","In a universe where human genetic material is the most precious commodity, an impoverished young Earth woman becomes the key to strategic maneuvers and internal strife within a powerful dynasty…","2015-02-04","878,14,28",5.476,7261
645710,"The Voyeurs","When Pippa and Thomas move into their dream apartment, they notice that their windows look directly into the apartment opposite – inviting them to witness the volatile relationship of the attractive couple across the street. But what starts as a simple curiosity turns into full-blown obsession with increasingly dangerous consequences.","2021-08-25","53",6.5,1288
166428,"How to Train Your Dragon: The Hidden World","As Hiccup fulfills his dream of creating a peaceful dragon utopia, Toothless’ discovery of an untamed, elusive mate draws the Night Fury away. When danger mounts at home and Hiccup’s reign as village chief is tested, both dragon and rider must make impossible decisions to save their kind.","2019-01-03","16,10751,12",7.751,7301
748783,"The Garfield Movie","Garfield, the world-famous, Monday-hating, lasagna-loving indoor cat, is about to have a wild outdoor adventure! After an unexpected reunion with his long-lost father – scruffy street cat Vic – Garfield and his canine friend Odie are forced from their perfectly pampered life into joining Vic in a hilarious, high-stakes heist.","2024-04-30","12,16,35,10751",6.941,1511
1032823,"Trap","A father and teen daughter attend a pop concert, where they realize they're at the center of a dark and sinister event.","2024-07-31","80,53,10402",6.214,3050
290250,"The Nice Guys","A private eye investigates the apparent suicide of a fading porn star in 1970s Los Angeles and uncovers a conspiracy.","2016-05-15","35,80,28",7.137,8957
701387,"Bugonia","Two conspiracy obsessed young men kidnap the high-powered CEO of a major company, convinced that she is an alien intent on destroying planet Earth.","2025-10-23","878,53,35",7.291,2455
308266,"War Dogs","Based on the true story of two young men, David Packouz and Efraim Diveroli, who won a $300 million contract from the Pentagon to arm America's allies in Afghanistan.","2016-08-18","35,80,18",6.951,5719
840705,"Blink Twice","When tech billionaire Slater King meets cocktail waitress Frida at his fundraising gala, he invites her to join him and his friends on a dream vacation on his private island. But despite the epic setting, beautiful people, ever-flowing champagne, and late-night dance parties, Frida can sense that there’s something sinister hiding beneath the island’s lush façade.","2024-08-21","9648,53,27",6.68,2062
1228246,"Five Nights at Freddy's 2","One year since the supernatural nightmare at Freddy Fazbear's Pizza, the stories about what transpired there have been twisted into a campy local legend, inspiring the town's first ever Fazfest. With the truth kept from her, Abby sneaks out to reconnect with Freddy, Bonnie, Chica, and Foxy, setting into motion a terrifying series of events that will reveal dark secrets about the real origin of Freddy's, and unleash a decades-hidden horror.","2025-12-03","27,53",6.6,1193
274857,"King Arthur: Legend of the Sword","When the child Arthur’s father is murdered, Vortigern, Arthur’s uncle, seizes the crown. Robbed of his birthright and with no idea who he truly is, Arthur comes up the hard way in the back alleys of the city. But once he pulls the sword Excalibur from the stone, his life is turned upside down and he is forced to acknowledge his true legacy... whether he likes it or not.","2017-05-09","28,18,14",6.56,6205
258489,"The Legend of Tarzan","Tarzan, having acclimated to life in London, is called back to his former home in the jungle to investigate the activities at a mining encampment.","2016-06-29","14,28,12",5.923,6637
1125257,"Freakier Friday","Years after Tess and Anna endured an identity crisis, Anna now has a daughter of her own and a soon-to-be stepdaughter. As they navigate the myriad challenges that come when two families merge, Tess and Anna discover lightning might indeed strike twice.","2025-08-06","35,14,10751",6.753,805
335797,"Sing","A koala named Buster recruits his best friend to help him drum up business for his theater by hosting a singing competition.","2016-11-23","16,35,10751,10402",7.124,8597
264660,"Ex Machina","Caleb, a coder at the world's largest internet company, wins a competition to spend a week at a private mountain retreat belonging to Nathan, the reclusive CEO of the company. But when Caleb arrives at the remote location he finds that he will have to participate in a strange and fascinating experiment in which he must interact with the world's first true artificial intelligence, housed in the body of a beautiful robot girl.","2015-01-21","18,878",7.57,14628
756999,"The Black Phone","Finney Blake, a shy but clever 13-year-old boy, is abducted by a sadistic killer and trapped in a soundproof basement where screaming is of little use. When a disconnected phone on the wall begins to ring, Finney discovers that he can hear the voices of the killer’s previous victims. And they are dead set on making sure that what happened to them doesn’t happen to Finney.","2022-06-16","27,53",7.508,6120
882598,"Smile","After witnessing a bizarre, traumatic incident involving a patient, Dr. Rose Cotter starts experiencing frightening occurrences that she can't explain.","2022-09-23","27,9648",6.67,4283
402900,"Ocean's Eight","Debbie Ocean, a criminal mastermind, gathers a crew of female thieves to pull off the heist of the century at New York's annual Met Gala.","2018-06-07","80,35,28",6.946,9013
787699,"Wonka","Willy Wonka – chock-full of ideas and determined to change the world one delectable bite at a time – is proof that the best things in life begin with a dream, and if you’re lucky enough to meet Willy Wonka, anything is possible.","2023-12-06","35,10751,14",7.034,4577
493922,"Hereditary","Following the death of the Leigh family matriarch, Annie and her children uncover disturbing secrets about their heritage. Their daily lives are not only impacted, but they also become entangled in a chilling fate from which they cannot escape, driving them to the brink of madness.","2018-06-07","27,9648,53",7.297,8933
428078,"Mortal Engines","Many thousands of years in the future, Earth’s cities roam the globe on huge wheels, devouring each other in a struggle for ever diminishing resources. On one of these massive traction cities, the old London, Tom Natsworthy has an unexpected encounter with a mysterious young woman from the wastelands who will change the course of his life forever.","2018-11-27","12,878",6.255,5350
965150,"Aftersun","Sophie reflects on the shared joy and private melancholy of a holiday she took with her father twenty years earlier. Memories fill the gaps between camcorder footages as she tries to reconcile the father she knew with the troubled man she didn't.","2022-10-21","18",7.652,1995
976573,"Elemental","In a city where fire, water, land and air residents live together, a fiery young woman and a go-with-the-flow guy will discover something elemental: how much they have in common.","2023-06-14","16,35,10751,10749",7.592,5562
337404,"Cruella","In 1970s London amidst the punk rock revolution, a young grifter named Estella is determined to make a name for herself with her designs. She befriends a pair of young thieves who appreciate her appetite for mischief, and together they are able to build a life for themselves on the London streets. One day, Estella’s flair for fashion catches the eye of the Baroness von Hellman, a fashion legend who is devastatingly chic and terrifyingly haute. But their relationship sets in motion a course of events and revelations that will cause Estella to embrace her wicked side and become the raucous, fashionable and revenge-bent Cruella.","2021-05-26","35,80",7.964,10336
150689,"Cinderella","When her father unexpectedly passes away, young Ella finds herself at the mercy of her cruel stepmother and her daughters. Never one to give up hope, Ella's fortunes begin to change after meeting a dashing stranger in the woods.","2015-03-06","10749,14,10751,18",6.8,7517
398978,"The Irishman","Pennsylvania, 1956. Frank Sheeran, a war veteran of Irish origin who works as a truck driver, accidentally meets mobster Russell Bufalino. Once Frank becomes his trusted man, Bufalino sends him to Chicago with the task of helping Jimmy Hoffa, a powerful union leader related to organized crime, with whom Frank will maintain a close friendship for nearly twenty years.","2019-11-01","80,18,36",7.57,7748
666277,"Past Lives","After decades apart, childhood friends Nora and Hae Sung are reunited in New York for one fateful weekend as they confront notions of destiny, love, and the choices that make a life.","2023-06-02","18,10749",7.7,2483
417384,"Scary Stories to Tell in the Dark","Mill Valley, Pennsylvania, Halloween night, 1968. After playing a joke on a school bully, Stella and her friends decide to sneak into a supposedly haunted house that once belonged to the powerful Bellows family, unleashing dark forces that they will be unable to control.","2019-08-08","27,9648",6.5,2940
399579,"Alita: Battle Angel","When Alita awakens with no memory of who she is in a future world she does not recognize, she is taken in by Ido, a compassionate doctor who realizes that somewhere in this abandoned cyborg shell is the heart and soul of a young woman with an extraordinary past.","2019-01-31","28,878,12",7.279,10420
593643,"The Menu","A young couple travels to a remote island to eat at an exclusive restaurant where the chef has prepared a lavish menu, with some shocking surprises.","2022-11-17","35,27",7.179,6698
969492,"Land of Bad","When a Delta Force special ops mission goes terribly wrong, Air Force drone pilot Reaper has 48 hours to remedy what has devolved into a wild rescue operation. With no weapons and no communication other than the drone above, the ground mission suddenly becomes a full-scale battle when the team is discovered by the enemy.","2024-02-09","28,10752,53",7.284,1605
310131,"The Witch","In 1630, a farmer relocates his family to a remote plot of land on the edge of a forest where strange, unsettling things happen. With suspicion and paranoia mounting, each family member's faith, loyalty and love are tested in shocking ways.","2016-02-19","27,14,9648",7.003,7905
588228,"The Tomorrow War","The world is stunned when a group of time travelers arrive from the year 2051 to deliver an urgent message: Thirty years in the future, mankind is losing a global war against a deadly alien species. The only hope for survival is for soldiers and civilians from the present to be transported to the future and join the fight. Among those recruited is high school teacher and family man Dan Forester. Determined to save the world for his young daughter, Dan teams up with a brilliant scientist and his estranged father in a desperate quest to rewrite the fate of the planet.","2021-09-03","28,878,12",7.527,4483
1317149,"I Swear","Diagnosed with Tourette Syndrome at 15, John Davidson navigates his way against the odds through troubled teenage years and into adulthood, finding inspiration in the kindness of others to discover his true purpose in life.","2025-09-22","18,36",8.273,591
399566,"Godzilla vs. Kong","In a time when monsters walk the Earth, humanity’s fight for its future sets Godzilla and Kong on a collision course that will see the two most powerful forces of nature on the planet collide in a spectacular battle for the ages.","2021-03-24","28,878,12",7.52,10845
1029575,"The Family Plan","Dan Morgan is many things: a devoted husband, a loving father, a celebrated car salesman. He's also a former assassin. And when his past catches up to his present, he's forced to take his unsuspecting family on a road trip unlike any other.","2023-12-14","28,35,12",7.217,2002
159824,"Hotel Transylvania 2","When the old-old-old-fashioned vampire Vlad arrives at the hotel for an impromptu family get-together, Hotel Transylvania is in for a collision of supernatural old-school and modern day cool.","2015-09-21","16,35,10751,14",6.766,6264
501929,"The Mitchells vs. the Machines","A quirky, dysfunctional family's road trip is upended when they find themselves in the middle of the robot apocalypse and suddenly become humanity's unlikeliest last hope.","2021-04-22","16,12,35",7.823,3514
278927,"The Jungle Book","After a threat from the tiger Shere Khan, Mowgli, a man-cub fostered by wolves, is forced to flee the jungle, and he embarks on a journey of self-discovery with the help of the panther, Bagheera, and the free-spirited bear, Baloo.","2016-04-07","12,10751,14",6.9,8656
297802,"Aquaman","Half-human, half-Atlantean Arthur Curry is taken on the journey of his lifetime to discover if he is worth of being a king.","2018-12-07","28,12,14",6.862,15243
211672,"Minions","Minions Stuart, Kevin and Bob are recruited by Scarlet Overkill, a super-villain who, alongside her inventor husband Herb, hatches a plot to take over the world.","2015-06-17","10751,16,12,35",6.426,11336
399055,"The Shape of Water","An other-worldly story, set against the backdrop of Cold War era America circa 1962, where a mute janitor working at a lab falls in love with an amphibious man being held captive there and devises a plan to help him escape.","2017-12-01","18,14,10749",7.231,13102
766507,"Prey","When danger threatens her camp, the fierce and highly skilled Comanche warrior Naru sets out to protect her people. But the prey she stalks turns out to be a highly evolved alien predator with a technically advanced arsenal.","2022-08-05","53,28,878",7.646,8020
792293,"Dumb Money","Vlogger Keith Gill sinks his life savings into GameStop stock and posts about it. When social media starts blowing up, so do his life and the lives of everyone following him. As a stock tip becomes a movement, everyone gets rich—until the billionaires fight back, and both sides find their worlds turned upside down.","2023-09-15","36,35,18",6.682,865
673593,"Mean Girls","New student Cady Heron is welcomed into the top of the social food chain by the elite group of popular girls called ‘The Plastics,’ ruled by the conniving queen bee Regina George and her minions Gretchen and Karen. However, when Cady makes the major misstep of falling for Regina’s ex-boyfriend Aaron Samuels, she finds herself prey in Regina’s crosshairs. As Cady sets to take down the group’s apex predator with the help of her outcast friends Janis and Damian, she must learn how to stay true to herself while navigating the most cutthroat jungle of all: high school.","2024-01-10","35",5.832,772
300671,"13 Hours: The Secret Soldiers of Benghazi","An American Ambassador is killed during an attack at a U.S. compound in Libya as a security team struggles to make sense out of the chaos.","2016-01-14","10752,36,18",7.279,4080
127380,"Finding Dory","Dory is reunited with her friends Nemo and Marlin in the search for answers about her past. What can she remember? Who are her parents? And where did she learn to speak Whale?","2016-06-16","12,16,10751",7.044,12874
1327862,"Regretting You","Morgan Grant and her daughter Clara explore what's left behind after a devastating accident reveals a shocking betrayal and forces them to confront family secrets, redefine love, and rediscover each other.","2025-10-22","10749,18",7.084,585
884605,"No Hard Feelings","On the brink of losing her childhood home, Maddie discovers an intriguing job listing: wealthy helicopter parents looking for someone to “date” their introverted 19-year-old son, Percy, before he leaves for college. To her surprise, Maddie soon discovers the awkward Percy is no sure thing.","2023-06-15","35,10749",6.7,4071
451156,"Infidelity in Suburbia","With her husband away at work, and her son at school, Laura dreams of a home-renovation project to supplant her restless days. Elliott, her irresistibly hot private contractor, soon fulfills her more forbidden dreams.","2017-02-25","53,10770",6.2,163
300668,"Annihilation","A biologist signs up for a dangerous, secret expedition into a mysterious zone where the laws of nature don't apply.","2018-02-22","878,27",6.452,9669
423204,"Angel Has Fallen","After a treacherous attack, Secret Service agent Mike Banning is charged with attempting to assassinate President Trumbull. Chased by his own colleagues and the FBI, Banning begins a race against the clock to clear his name.","2019-08-21","28,53",6.611,3998
974573,"Another Simple Favor","Stephanie and Emily reunite on the beautiful island of Capri, Italy for Emily's extravagant wedding to a rich Italian businessman. Along with the glamorous guests, expect murder and betrayal to RSVP for a wedding with more twists and turns than the road from the Marina Grande to the Capri town square.","2025-03-07","35,53,9648",5.8,562
850165,"The Iron Claw","The true story of the inseparable Von Erich brothers, who made history in the intensely competitive world of professional wrestling in the early 1980s. Through tragedy and triumph, under the shadow of their domineering father and coach, the brothers seek larger-than-life immortality on the biggest stage in sports.","2023-12-21","18,36",7.518,1358
353491,"The Dark Tower","A boy haunted by visions of a parallel world aids its disillusioned guardian in preventing the destruction of the nexus of universes known as the Dark Tower.","2017-08-03","14,28,878",5.81,5694
324668,"Jason Bourne","The most dangerous former operative of the CIA is drawn out of hiding to uncover hidden truths about his past.","2016-07-27","28,12,53",6.385,6385
166424,"Fantastic Four","Four young outsiders teleport to a dangerous universe, which alters their physical form in shocking ways. Their lives irrevocably upended, the team must learn to harness their daunting new abilities and work together to save Earth from a former friend turned enemy.","2015-08-05","28,12,878",4.432,6557
777443,"The Electric State","An orphaned teen hits the road with a mysterious robot to find her long-lost brother, teaming up with a smuggler and his wisecracking sidekick.","2025-02-24","28,12,878",6.471,1831
840430,"The Holdovers","A curmudgeonly instructor at a New England prep school is forced to remain on campus during Christmas break to babysit the handful of students with nowhere to go. Eventually, he forms an unlikely bond with one of them — a damaged, brainy troublemaker — and with the school’s head cook, who has just lost a son in Vietnam.","2023-10-27","18,35",7.647,2699
68735,"Warcraft","The peaceful realm of Azeroth stands on the brink of war as its civilization faces a fearsome race of invaders: orc warriors fleeing their dying home to colonize another. As a portal opens to connect the two worlds, one army faces destruction and the other faces extinction. From opposing sides, two heroes are set on a collision course that will decide the fate of their family, their people, and their home.","2016-05-25","28,12,14",6.422,7502
379686,"Space Jam: A New Legacy","When LeBron and his young son Dom are trapped in a digital space by a rogue A.I., LeBron must get them home safe by leading Bugs, Lola Bunny and the whole gang of notoriously undisciplined Looney Tunes to victory over the A.I.'s digitized champions on the court. It's Tunes versus Goons in the highest-stakes challenge of his life.","2021-07-08","10751,35,12,16,878",6.619,4299
1234731,"Anaconda","A group of friends facing mid-life crises head to the rainforest with the intention of remaking their favorite movie from their youth, only to find themselves in a fight for their lives against natural disasters, giant snakes and violent criminals.","2025-12-24","12,35,27",5.805,1478
420817,"Aladdin","A kindhearted street urchin named Aladdin embarks on a magical adventure after finding a lamp that releases a wisecracking genie while a power-hungry Grand Vizier vies for the same lamp that has the power to make their deepest wishes come true.","2019-05-22","12,14,10749,10751",7.077,10826
1079091,"It Ends with Us","When a woman's first love suddenly reenters her life, her relationship with a charming, but abusive neurosurgeon is upended, and she realizes she must learn to rely on her own strength to make an impossible choice for her future.","2024-08-07","18,10749",6.95,2055
335988,"Transformers: The Last Knight","Humans and Transformers are at war. Optimus Prime is gone. The key to saving our future lies buried in the secrets of the past, in the hidden history of Transformers on Earth. Saving our world falls upon the shoulders of an unlikely alliance: Cade Yeager; Bumblebee; an English Lord; and an Oxford Professor.","2017-06-16","28,12,878",6.063,6908
1097549,"Babygirl","A high-powered CEO puts her career and family on the line when she begins a torrid affair with her much younger intern.","2024-12-25","10749,53",5.728,1301
752623,"The Lost City","Reclusive author Loretta Sage writes about exotic places in her popular adventure novels that feature a handsome cover model named Alan. While on tour promoting her new book with Alan, Loretta gets kidnapped by an eccentric billionaire who hopes she can lead him to the ancient city's lost treasure that featured in her latest story. Alan, determined to prove he can be a hero in real life and not just on the pages of her books, sets off to rescue her.","2022-03-23","28,12,35",6.435,4143
353486,"Jumanji: Welcome to the Jungle","Four teenagers in detention discover an old video game console with a game they’ve never heard of. When they decide to play, they are immediately sucked into the jungle world of Jumanji in the bodies of their avatars. They’ll have to complete the adventure of their lives filled with fun, thrills and danger or be stuck in the game forever!","2017-12-20","12,35,14",6.824,14798
991494,"The SpongeBob Movie: Search for SquarePants","Desperate to be a big guy, SpongeBob sets out to prove his bravery to Mr. Krabs by following The Flying Dutchman – a mysterious swashbuckling ghost pirate – on a seafaring adventure that takes him to the deepest depths of the deep sea, where no Sponge has gone before.","2025-12-16","12,10751,16,35,14",6.8,356
241259,"Alice Through the Looking Glass","Alice Kingsleigh returns to Underland and faces a new adventure in saving the Mad Hatter.","2016-05-25","12,10751,14",6.568,6895
400155,"Hotel Transylvania 3: Summer Vacation","Dracula, Mavis, Johnny and the rest of the Drac Pack take a vacation on a luxury Monster Cruise Ship, where Dracula falls in love with the ship’s captain, Ericka, who’s secretly a descendant of Abraham Van Helsing, the notorious monster slayer.","2018-06-28","16,35,10751,14",6.842,4807
337339,"The Fate of the Furious","When a mysterious woman seduces Dom into the world of crime and a betrayal of those closest to him, the crew face trials that will test them as never before.","2017-04-12","28,80,53",6.849,11008
460465,"Mortal Kombat","Washed-up MMA fighter Cole Young, unaware of his heritage, and hunted by Emperor Shang Tsung's best warrior, Sub-Zero, seeks out and trains with Earth's greatest champions as he prepares to stand against the enemies of Outworld in a high stakes battle for the universe.","2021-04-07","28,14,12",7.031,7071
311324,"The Great Wall","European mercenaries searching for black powder become embroiled in the defense of the Great Wall of China against a horde of monstrous creatures.","2016-12-16","28,12,14",6.035,5689
381288,"Split","Though Kevin has evidenced 23 personalities to his trusted psychiatrist, Dr. Fletcher, there remains one still submerged who is set to materialize and dominate all the others. Compelled to abduct three teenage girls led by the willful, observant Casey, Kevin reaches a war for survival among all of those contained within him — as well as everyone around him — as the walls between his compartments shatter apart.","2017-01-19","27,53",7.34,18672
1241436,"Warfare","A platoon of Navy SEALs embarks on a dangerous mission in Ramadi, Iraq, with the chaos and brotherhood of war retold through their memories of the event.","2025-04-09","10752,28",7.057,1638
744275,"After We Fell","Just as Tessa's life begins to become unglued, nothing is what she thought it would be. Not her friends nor her family. The only person that she should be able to rely on is Hardin, who is furious when he discovers the massive secret that she's been keeping. Before Tessa makes the biggest decision of her life, everything changes because of revelations about her family.","2021-09-01","18,10749",7,2783
993708,"The Threesome","Connor has a threesome with his long-time crush Olivia and an alluring stranger named Jenny. It surprisingly serves as the spark to a full blown relationship with Olivia, until both women end up pregnant and all three are thrust into a difficult journey toward new realities that none of them could have expected.","2025-09-04","35,10749,18",6.344,125
1106289,"The Pickup","A routine cash pickup takes a wild turn when mismatched armored truck drivers Russell and Travis are ambushed by ruthless criminals led by savvy mastermind Zoe.","2025-07-27","28,35,80",6.394,514
804150,"Cocaine Bear","Inspired by a true story, an oddball group of cops, criminals, tourists and teens converge in a Georgia forest where a 500-pound black bear goes on a murderous rampage after unintentionally ingesting cocaine.","2023-02-22","53,35,80",5.987,2549
1029955,"Kinds of Kindness","A triptych fable following a man without choice who tries to take control of his own life; a policeman who is alarmed that his wife who was missing-at-sea has returned and seems a different person; and a woman determined to find a specific someone with a special ability, who is destined to become a prodigious spiritual leader.","2024-05-30","35,18",6.48,1369
1114513,"Speak No Evil","When an American family is invited to spend the weekend at the idyllic country estate of a charming British family they befriended on vacation, what begins as a dream holiday soon warps into a snarled psychological nightmare.","2024-09-11","27,53",7.087,2364
661539,"A Complete Unknown","New York, early 1960s. Against the backdrop of a vibrant music scene and tumultuous cultural upheaval, an enigmatic 19-year-old from Minnesota arrives in the West Village with his guitar and revolutionary talent, destined to change the course of American music.","2024-12-25","18,10402",7.1,1579
473033,"Uncut Gems","A charismatic New York City jeweler always on the lookout for the next big score makes a series of high-stakes bets that could lead to the windfall of a lifetime. Howard must perform a precarious high-wire act, balancing business, family, and encroaching adversaries on all sides in his relentless pursuit of the ultimate win.","2019-12-13","18,53,80",7.175,5604
343611,"Jack Reacher: Never Go Back","Years after resigning command of an elite military police unit, the nomadic, righter-of-wrongs Reacher is drawn back into the life he left behind when his friend and successor, Major Susan Turner is framed for espionage. Reacher will stop at nothing to prove her innocence and to expose the real perpetrators behind the killings of his former soldiers.","2016-10-19","28,53,80",6.031,5502
503919,"The Lighthouse","Two lighthouse keepers try to maintain their sanity while living on a remote and mysterious New England island in the 1890s.","2019-10-18","18,14,53",7.463,5808
310307,"The Founder","The true story of how Ray Kroc, a salesman from Illinois, met Mac and Dick McDonald, who were running a burger operation in 1950s Southern California. Kroc was impressed by the brothers’ speedy system of making the food and saw franchise potential. He maneuvered himself into a position to be able to pull the company from the brothers and create a billion-dollar empire.","2016-11-24","18,36",7.156,5553
348350,"Solo: A Star Wars Story","Through a series of daring escapades deep within a dark and dangerous criminal underworld, Han Solo meets his mighty future copilot Chewbacca and encounters the notorious gambler Lando Calrissian.","2018-05-15","878,12,28",6.554,9543
337170,"American Made","The true story of pilot Barry Seal, who transported contraband for the CIA and the Medellin cartel in the 1980s.","2017-08-18","35,80,18",6.901,5145
324849,"The Lego Batman Movie","A cooler-than-ever Batman must face the usual villains as the Joker plots a takeover of Gotham City. But when Bruce Wayne accidentally adopts a teenage orphan who wishes to become his sidekick, he’s forced to give up his lone-vigilante ways and learn to work with others.","2017-02-08","16,28,35,10751",7.261,5589
848326,"Rebel Moon - Part One: A Child of Fire","When the ruthless forces of the Motherworld threaten a quiet farming village on a distant moon, a mysterious outsider becomes its best hope for survival.","2023-12-15","878,28,12",6.214,2718
527774,"Raya and the Last Dragon","Long ago, in the fantasy world of Kumandra, humans and dragons lived together in harmony. But when an evil force threatened the land, the dragons sacrificed themselves to save humanity. Now, 500 years later, that same evil has returned and it’s up to a lone warrior, Raya, to track down the legendary last dragon to restore the fractured land and its divided people.","2021-03-03","16,28,12,14,10751",7.79,7457
427641,"Rampage","Primatologist Davis Okoye shares an unshakable bond with George, the extraordinarily intelligent, silverback gorilla who has been in his care since birth.  But a rogue genetic experiment gone awry mutates this gentle ape into a raging creature of enormous size.  To make matters worse, it’s soon discovered there are other similarly altered animals.  As these newly created alpha predators tear across North America, destroying everything in their path, Okoye teams with a discredited genetic engineer to secure an antidote, fighting his way through an ever-changing battlefield, not only to halt a global catastrophe but to save the fearsome creature that was once his friend.","2018-04-11","28,12,878",6.466,7751
374720,"Dunkirk","The story of the miraculous evacuation of Allied soldiers from Belgium, Britain, Canada and France, who were cut off and surrounded by the German army from the beaches and harbour of Dunkirk between May 26th and June 4th 1940 during World War II.","2017-07-19","10752,28,18",7.45,18027
228165,"The SpongeBob Movie: Sponge Out of Water","Evil pirate Burger Beard is in search of the final page of a magical book that makes any evil plan he writes in it come true, but the final page happens to be the Krabby Patty secret formula. When Burger Beard endangers Bikini Bottom, SpongeBob, Patrick, Mr. Krabs, Squidward, Sandy, and Plankton must embark on a quest to retrieve the recipe and save their city...a quest that takes them to the surface world and transforms them into superheroes.","2015-01-28","12,16,35,10751,14",6.1,2609
300669,"Don't Breathe","A group of teens break into a blind man's home thinking they'll get away with the perfect crime. They're wrong.","2016-06-08","27,53",7.02,8172
565770,"Blue Beetle","Recent college grad Jaime Reyes returns home full of aspirations for his future, only to find that home is not quite as he left it. As he searches to find his purpose in the world, fate intervenes when Jaime unexpectedly finds himself in possession of an ancient relic of alien biotechnology: the Scarab.","2023-08-16","28,878,12",6.615,3286
406997,"Wonder","The story of August Pullman – a boy with facial differences – who enters fifth grade, attending a mainstream elementary school for the first time.","2017-11-13","10751,18",8.098,8418
1272149,"Bridget Jones: Mad About the Boy","Bridget Jones navigates life as a widow and single mum with the help of her family, friends, and former lover, Daniel. Back to work and on the apps, she's pursued by a younger man and maybe – just maybe – her son's science teacher.","2025-02-12","10749,35,18",6.4,583
1242434,"Highest 2 Lowest","When a titan music mogul, widely known as having the ""best ears in the business"", is targeted with a ransom plot, he is jammed up in a life-or-death moral dilemma.","2025-08-14","53,80,18",5.479,543
776503,"CODA","As a CODA (Child of Deaf Adults), Ruby is the only hearing person in her deaf family. When the family's fishing business is threatened, Ruby finds herself torn between pursuing her love of music and her fear of abandoning her parents.","2021-08-13","18,10402,10749",7.88,2727
1267905,"The Roses","Life seems easy for picture-perfect couple Ivy and Theo: successful careers, a loving marriage, great kids. But beneath the façade of their supposed ideal life, a storm is brewing – as Theo's career nosedives while Ivy's own ambitions take off, a tinderbox of fierce competition and hidden resentment ignites.","2025-08-27","35,18,10749",6.637,790
1387382,"Hunting Season","When a reclusive survivalist and his daughter rescue a mysterious, wounded woman from a river, they become entangled in a deadly web of violence and revenge, forcing them to confront a brutal criminal to survive.","2025-12-05","28,18,53",7.37,462
1236470,"The Lost Bus","A determined father risks everything to rescue a dedicated teacher and her students from a raging wildfire.","2025-09-19","18,53",7.017,844
1138194,"Heretic","Two young missionaries are forced to prove their faith when they knock on the wrong door and are greeted by a diabolical Mr. Reed, becoming ensnared in his deadly game of cat-and-mouse.","2024-10-31","53,27",6.966,2918
453405,"Gemini Man","Henry Brogan is an elite 51-year-old assassin who's ready to call it quits after completing his 72nd job. His plans get turned upside down when he becomes the target of a mysterious operative who can seemingly predict his every move. To his horror, Brogan soon learns that the man who's trying to kill him is a younger, faster, cloned version of himself.","2019-10-02","878,28,12,53,18",6.255,5597
993710,"Back in Action","Fifteen years after vanishing from the CIA to start a family, elite spies Matt and Emily jump back into the world of espionage when their cover is blown.","2025-01-15","28,35",6.424,1588
205584,"Gods of Egypt","A common thief joins a mythical god on a quest through Egypt.","2016-02-25","28,12,14",5.693,4461
136799,"Trolls","After the monstrous Bergens invade Troll Village, Princess Poppy, the happiest Troll ever born, and overly-cautious, curmudgeonly outcast Branch set off on a journey to rescue her friends. Their mission is full of adventure and mishaps, as this mismatched duo try to tolerate each other long enough to get the job done.","2016-10-13","12,16,35,10751,14",6.622,3911
280217,"The Lego Movie 2: The Second Part","It's been five years since everything was awesome and the citizens are facing a huge new threat: LEGO DUPLO® invaders from outer space, wrecking everything faster than they can rebuild.","2019-02-06","28,12,16,35,10751",6.6,2524
547016,"The Old Guard","Four undying warriors who've secretly protected humanity for centuries become targeted for their mysterious powers just as they discover a new immortal.","2020-07-09","28,14",7.084,4979
524047,"Greenland","John Garrity, his estranged wife and their young son embark on a perilous journey to find sanctuary as a planet-killing comet hurtles toward Earth. Amid terrifying accounts of cities getting levelled, the Garritys experience the best and worst in humanity. As the countdown to the global apocalypse approaches zero, their incredible trek culminates in a desperate and last-minute flight to a possible safe haven.","2020-07-29","53,28,878",7.118,5555
451048,"Jungle Cruise","Dr. Lily Houghton enlists the aid of wisecracking skipper Frank Wolff to take her down the Amazon in his dilapidated boat. Together, they search for an ancient tree that holds the power to heal – a discovery that will change the future of medicine.","2021-07-28","14,35,12",7.269,6326
1040148,"Ruby Gillman, Teenage Kraken","Ruby Gillman, a sweet and awkward high school student, discovers she's a direct descendant of the warrior kraken queens. The kraken are sworn to protect the oceans of the world against the vain, power-hungry mermaids. Destined to inherit the throne from her commanding grandmother, Ruby must use her newfound powers to protect those she loves most.","2023-06-28","16,10751,14,35",7.133,1142
287947,"Shazam!","A boy is given the ability to become an adult superhero in times of need with a single magic word.","2019-03-29","28,35,14",6.968,10473
1071585,"M3GAN 2.0","After the underlying tech for M3GAN is stolen and misused by a powerful defense contractor to create a military-grade weapon known as Amelia, M3GAN's creator Gemma realizes that the only option is to resurrect M3GAN and give her a few upgrades, making her faster, stronger, and more lethal.","2025-06-25","28,878,53",7.142,1510
438650,"Cold Pursuit","The quiet family life of Nels Coxman, a snowplow driver, is upended after his son's murder. Nels begins a vengeful hunt for Viking, the drug lord he holds responsible for the killing, eliminating Viking's associates one by one. As Nels draws closer to Viking, his actions bring even more unexpected and violent consequences, as he proves that revenge is all in the execution.","2019-02-07","80,28,18",5.88,2857
739405,"Operation Fortune: Ruse de Guerre","Special agent Orson Fortune and his team of operatives recruit one of Hollywood's biggest movie stars to help them on an undercover mission when the sale of a deadly new weapons technology threatens to disrupt the world order.","2023-01-04","28,35,53,12",6.5,2073
1111873,"Abigail","A group of criminals kidnap a teenage ballet dancer, the daughter of a notorious gang leader, in order to obtain a ransom of $50 million, but they discover that she is not just an ordinary girl.","2024-04-16","27,53,35",6.6,2243
404368,"Ralph Breaks the Internet","Video game bad guy Ralph and fellow misfit Vanellope von Schweetz must risk it all by traveling to the World Wide Web in search of a replacement part to save Vanellope's video game, Sugar Rush. In way over their heads, Ralph and Vanellope rely on the citizens of the internet — the netizens — to help navigate their way, including an entrepreneur named Yesss, who is the head algorithm and the heart and soul of trend-making site BuzzzTube.","2018-11-20","12,16,35,10751,878",7.2,8297
296098,"Bridge of Spies","During the Cold War, the Soviet Union captures U.S. pilot Francis Gary Powers after shooting down his U-2 spy plane. Sentenced to 10 years in prison, Powers' only hope is New York lawyer James Donovan, recruited by a CIA operative to negotiate his release. Donovan boards a plane to Berlin, hoping to win the young man's freedom through a prisoner exchange. If all goes well, the Russians would get Rudolf Abel, the convicted spy who Donovan defended in court.","2015-10-15","53,18",7.242,7446
839033,"The Lord of the Rings: The War of the Rohirrim","A sudden attack by Wulf, a clever and traitorous lord of Rohan seeking vengeance for the death of his father, forces Helm Hammerhand, the King of Rohan, and his people to make a daring last stand in the ancient stronghold of the Hornburg.","2024-12-05","16,14,12,28",6.5,952
312221,"Creed","The former World Heavyweight Champion Rocky Balboa serves as a trainer and mentor to Adonis Johnson, the son of his late friend and former rival Apollo Creed.","2015-11-25","18",7.408,8146
262500,"Insurgent","Beatrice Prior must confront her inner demons and continue her fight against a powerful alliance which threatens to tear her society apart.","2015-03-18","28,878,53",6.361,10618
801335,"Girl in the Basement","Sara is a teen girl who is looking forward to her 18th birthday to move away from her controlling father Don. But before she could even blow out the candles, Don imprisons her in the basement of their home.","2021-02-27","53,80,10770",7.6,896
341013,"Atomic Blonde","An undercover MI6 agent is sent to Berlin during the Cold War to investigate the murder of a fellow agent and recover a missing list of double agents.","2017-07-26","28,53",6.443,6796
559907,"The Green Knight","An epic fantasy adventure based on the timeless Arthurian legend, The Green Knight tells the story of Sir Gawain, King Arthur's reckless and headstrong nephew, who embarks on a daring quest to confront the eponymous Green Knight, a gigantic emerald-skinned stranger and tester of men.","2021-07-29","12,18,14",6.581,2321
585511,"Luck","Suddenly finding herself in the never-before-seen Land of Luck, the unluckiest person in the world must unite with the magical creatures there to turn her luck around.","2022-08-05","16,12,35,14,10751",7.777,2125
376867,"Moonlight","The tender, heartbreaking story of a young man’s struggle to find himself, told across three defining chapters in his life as he experiences the ecstasy, pain, and beauty of falling in love, while grappling with his own sexuality.","2016-10-21","18",7.356,7706
254470,"Pitch Perfect 2","The Bellas are back, and they are better than ever. After being humiliated in front of none other than the President of the United States of America, the Bellas are taken out of the Aca-Circuit. In order to clear their name, and regain their status, the Bellas take on a seemingly impossible task: winning an international competition no American team has ever won. In order to accomplish this monumental task, they need to strengthen the bonds of friendship and sisterhood and blow away the competition with their amazing aca-magic! With all new friends and old rivals tagging along for the trip, the Bellas can hopefully accomplish their dreams.","2015-05-07","35,10402",6.8,5592
677179,"Creed III","After dominating the boxing world, Adonis Creed has thrived in his career and family life. When a childhood friend and former boxing prodigy, Damian Anderson, resurfaces after serving a long sentence in prison, he is eager to prove that he deserves his shot in the ring. The face-off between former friends is more than just a fight. To settle the score, Adonis must put his future on the line to battle Damian — a fighter with nothing to lose.","2023-03-01","18,28",7.083,2994
634492,"Madame Web","Forced to confront revelations about her past, paramedic Cassandra Webb forges a relationship with three young women destined for powerful futures...if they can all survive a deadly present.","2024-02-14","28,14",5.266,2719
1083433,"I Know What You Did Last Summer","When five friends inadvertently cause a deadly car accident, they cover up their involvement and make a pact to keep it a secret rather than face the consequences. A year later, their past comes back to haunt them and they're forced to confront a horrifying truth: someone knows what they did last summer…and is hell-bent on revenge.","2025-07-16","27,53,9648",5.597,888
449443,"Den of Thieves","A gritty crime saga which follows the lives of an elite unit of the LA County Sheriff's Dept. and the state's most successful bank robbery crew as the outlaws plan a seemingly impossible heist on the Federal Reserve Bank.","2018-01-18","80,53,28",6.881,3526
309809,"The Little Prince","Based on the best-seller book 'The Little Prince', the movie tells the story of a little girl that lives with resignation in a world where efficiency and work are the only dogmas. Everything will change when accidentally she discovers her neighbor that will tell her about the story of the Little Prince that he once met.","2015-07-29","12,16,14,10751",7.625,3039
1098006,"Fountain of Youth","A treasure-hunting mastermind assembles a team for a life-changing adventure. But to outwit and outrun threats at every turn, he'll need someone even smarter than he is: his estranged sister.","2025-05-19","12,14,9648",6.237,1046
858017,"I Saw the TV Glow","In late-90s suburbia, a lonely teenager meets a girl at school who introduces him to a mysterious late-night T.V. show — a vision of a supernatural world pulsing beneath their own. As time goes on, however, questions begin to arise about why the show sometimes seems more real than their own lives. In the pale glow of the television, their view of reality begins to crack.","2024-05-03","18,27",6.206,816
188927,"Star Trek Beyond","The USS Enterprise crew explores the furthest reaches of uncharted space, where they encounter a mysterious new enemy who puts them and everything the Federation stands for to the test.","2016-07-07","28,12,878",6.791,7280
1242419,"Roofman","A former Army Ranger and struggling father turns to robbing McDonald’s restaurants by cutting holes in their roofs, earning him the nickname ""Roofman."" After escaping prison, he secretly lives inside a Toys “R” Us for six months, surviving undetected while planning his next move. But when he falls for a divorced mom drawn to his undeniable charm, his double life begins to unravel, setting off a compelling and suspenseful game of cat and mouse as his past closes in.","2025-10-06","80,35,18",7.052,1057
333484,"The Magnificent Seven","Looking to mine for gold, greedy industrialist Bartholomew Bogue seizes control of the Old West town of Rose Creek. With their lives in jeopardy, Emma Cullen and other desperate residents turn to bounty hunter Sam Chisolm for help. Chisolm recruits an eclectic group of gunslingers to take on Bogue and his ruthless henchmen. With a deadly showdown on the horizon, the seven mercenaries soon find themselves fighting for more than just money once the bullets start to fly.","2016-09-14","12,28,37",6.502,6582
514847,"The Hunt","Twelve strangers wake up in a clearing. They don't know where they are—or how they got there. In the shadow of a dark internet conspiracy theory, ruthless elitists gather at a remote location to hunt humans for sport. But their master plan is about to be derailed when one of the hunted turns the tables on her pursuers.","2020-03-11","28,53,27",6.656,3832
614930,"Teenage Mutant Ninja Turtles: Mutant Mayhem","After years of being sheltered from the human world, the Turtle brothers set out to win the hearts of New Yorkers and be accepted as normal teenagers through heroic acts. Their new friend April O'Neil helps them take on a mysterious crime syndicate, but they soon get in over their heads when an army of mutants is unleashed upon them.","2023-07-31","16,35,28,878",7.226,1677
501170,"Doctor Sleep","Still scarred by the trauma he endured as a child at the Overlook Hotel, Dan Torrance faces the ghosts of the past when he meets Abra, a courageous teen who desperately needs his help -- and who possesses a powerful extrasensory ability called the ""shine"".","2019-10-30","27,14",7.149,5075
263472,"Knock Knock","When a devoted husband and father is left home alone for the weekend, two stranded young women unexpectedly knock on his door for help. What starts out as a kind gesture results in a dangerous seduction and a deadly game of cat and mouse.","2015-06-26","27,53,80",5.389,3588
587807,"Tom & Jerry","Tom the cat and Jerry the mouse get kicked out of their home and relocate to a fancy New York hotel, where a scrappy employee named Kayla will lose her job if she can’t evict Jerry before a high-class wedding at the hotel. Her solution? Hiring Tom to get rid of the pesky mouse.","2021-02-10","35,10751,16",6.715,2624
391713,"Lady Bird","Lady Bird McPherson, a strong willed, deeply opinionated, artistic 17 year old comes of age in Sacramento. Her relationship with her mother and her upbringing are questioned and tested as she plans to head off to college.","2017-09-01","18,35",7.249,9195
401981,"Red Sparrow","Prima ballerina Dominika Egorova faces a bleak and uncertain future after she suffers an injury that ends her career. She soon turns to Sparrow School, a secret intelligence service that trains exceptional young people to use their minds and bodies as weapons. Dominika emerges as the most dangerous Sparrow after completing the sadistic training process. As she comes to terms with her new abilities, she meets a CIA agent who tries to convince her that he is the only person she can trust.","2018-02-28","53,9648",6.532,6492
508943,"Luca","Luca and his best friend Alberto experience an unforgettable summer on the Italian Riviera. But all the fun is threatened by a deeply-held secret: they are sea monsters from another world just below the water’s surface.","2021-06-17","16,10751,14,18,35",7.772,9144
205775,"In the Heart of the Sea","In the winter of 1820, the New England whaling ship Essex is assaulted by something no one could believe—a whale of mammoth size and will, and an almost human sense of vengeance.","2015-12-03","53,18,12,28,36",6.791,4524
265208,"Wild Card","When a Las Vegas bodyguard with lethal skills and a gambling problem gets in trouble with the mob, he has one last play… and it's all or nothing.","2015-01-14","53,80,28",5.715,2002
339846,"Baywatch","Devoted lifeguard Mitch Buchannon butts heads with a brash new recruit. Together, they uncover a local criminal plot that threatens the future of the Bay.","2017-05-25","35,28,80",6.076,8639
1241983,"Train Dreams","A logger leads a life of quiet grace as he experiences love and loss during an era of monumental change in early 20th-century America.","2025-11-05","18",7.322,1198
896536,"The Legend of Ochi","In a remote village on the island of Carpathia, a shy farm girl named Yuri is raised to fear an elusive animal species known as ochi. But when Yuri discovers a wounded baby ochi has been left behind, she escapes on a quest to bring him home.","2025-04-18","10751,14,12",6.115,352
585083,"Hotel Transylvania: Transformania","When Van Helsing's mysterious invention, the ""Monsterfication Ray,"" goes haywire, Drac and his monster pals are all transformed into humans, and Johnny becomes a monster. In their new mismatched bodies, Drac and Johnny must team up and race across the globe to find a cure before it's too late, and before they drive each other crazy.","2022-01-31","16,35,10751,12,14",7.028,3112
330459,"Rogue One: A Star Wars Story","A rogue band of resistance fighters unite for a mission to steal the Death Star plans and bring a new hope to the galaxy.","2016-12-14","28,12,878",7.511,16805
437342,"The First Omen","When a young American woman is sent to Rome to begin a life of service to the church, she encounters a darkness that causes her to question her own faith and uncovers a terrifying conspiracy that hopes to bring about the birth of evil incarnate.","2024-04-03","27",6.792,1407
974576,"Conclave","After the unexpected death of the Pope, Cardinal Lawrence is tasked with managing the covert and ancient ritual of electing a new one. Sequestered in the Vatican with the Catholic Church’s most powerful leaders until the process is complete, Lawrence finds himself at the center of a conspiracy that could lead to its downfall.","2024-10-25","18,53",7.19,3653
399170,"Logan Lucky","Trying to reverse a family curse, brothers Jimmy and Clyde Logan set out to execute an elaborate robbery during the legendary Coca-Cola 600 race at the Charlotte Motor Speedway.","2017-08-17","35,80,28,18",6.736,3965
481084,"The Addams Family","The Addams family's lives begin to unravel when they face-off against a treacherous, greedy crafty reality-TV host while also preparing for their extended family to arrive for a major celebration.","2019-10-10","10751,16,35,14",6.606,2547
725201,"The Gray Man","When a shadowy CIA agent uncovers damning agency secrets, he's hunted across the globe by a sociopathic rogue operative who's put a bounty on his head.","2022-07-13","28,53",6.902,4481
294254,"Maze Runner: The Scorch Trials","Thomas and his fellow Gladers face their greatest challenge yet: searching for clues about the mysterious and powerful organization known as WCKD. Their journey takes them to the Scorch, a desolate landscape filled with unimaginable obstacles. Teaming up with resistance fighters, the Gladers take on WCKD’s vastly superior forces and uncover its shocking plans for them all.","2015-09-09","878,28,53,12",6.731,11268
375262,"The Favourite","England, early 18th century. The close relationship between Queen Anne and Sarah Churchill is threatened by the arrival of Sarah's cousin, Abigail Hill, resulting in a bitter rivalry between the two cousins to be the Queen's favourite.","2018-11-23","36,35,18",7.479,6066
484247,"A Simple Favor","Stephanie, a dedicated mother and popular vlogger, befriends Emily, a mysterious upper-class woman whose son Nicky attends the same school as Miles, Stephanie's son. When Emily asks her to pick Nicky up from school and then disappears, Stephanie undertakes an investigation that will dive deep into Emily's cloudy past.","2018-09-13","53,35,9648",6.636,4707
482321,"Ron's Gone Wrong","In a world where walking, talking, digitally connected bots have become children's best friends, an 11-year-old finds that his robot buddy doesn't quite work the same as the others do.","2021-10-14","16,878,10751,35",7.847,2082
537915,"After","Tessa Young is a dedicated student, dutiful daughter and loyal girlfriend to her high school sweetheart. Entering her first semester of college, Tessa's guarded world opens up when she meets Hardin Scott, a mysterious and brooding rebel who makes her question all she thought she knew about herself -- and what she wants out of life.","2019-04-11","18,10749",7.103,8576
340102,"The New Mutants","Five young mutants, just discovering their abilities while held in a secret facility against their will, fight to escape their past sins and save themselves.","2020-08-26","878,27",6.045,3831
153518,"The Angry Birds Movie","An island populated entirely by happy, flightless birds or almost entirely. In this paradise, Red, a bird with a temper problem, speedy Chuck, and the volatile Bomb have always been outsiders. But when the island is visited by mysterious green piggies, it’s up to these unlikely outcasts to figure out what the pigs are up to.","2016-05-11","16,12,35,10751",6.294,4141
431693,"Spies in Disguise","Super spy Lance Sterling and scientist Walter Beckett are almost exact opposites. Lance is smooth, suave and debonair. Walter is… not. But what Walter lacks in social skills he makes up for in smarts and invention, creating the awesome gadgets Lance uses on his epic missions. But when events take an unexpected turn, Walter and Lance suddenly have to rely on each other in a whole new way.","2019-12-04","16,28,12,35,10751",7.545,3056
228161,"Home","When Earth is taken over by the overly-confident Boov, an alien race in search of a new place to call home, all humans are promptly relocated, while all Boov get busy reorganizing the planet. But when one resourceful girl, Tip, manages to avoid capture, she finds herself the accidental accomplice of a banished Boov named Oh. The two fugitives realize there’s a lot more at stake than intergalactic relations as they embark on the road trip of a lifetime.","2015-03-18","14,35,16,878,10751",6.8,4328
576845,"Last Night in Soho","A young girl, passionate about fashion design, is mysteriously able to enter the 1960s where she encounters her idol, a dazzling wannabe singer. But 1960s London is not what it seems, and time seems to be falling apart with shady consequences.","2021-10-09","27,9648,53",7.257,4048
399402,"Hunter Killer","Untested American submarine commander, Capt. Joe Glass of the USS Arkansas, is on the hunt for a U.S. sub in distress in the Arctic Ocean. He soon learns a secret Russian coup is in the offing, a conspiracy that threatens to dismantle the world order. With crew and country on the line, Glass must coordinate with an elite group of Navy SEALs to sneak through enemy waters, rescue the kidnapped Russian president, and hopefully prevent World War III.","2018-10-19","28,53",6.901,2496
503736,"Army of the Dead","Following a zombie outbreak in Las Vegas, a group of mercenaries take the ultimate gamble: venturing into the quarantine zone to pull off the greatest heist ever attempted.","2021-05-14","80,28,27",6.185,4554
336843,"Maze Runner: The Death Cure","Thomas leads his group of escaped Gladers on their final and most dangerous mission yet. To save their friends, they must break into the legendary Last City, a WCKD-controlled labyrinth that may turn out to be the deadliest maze of all. Anyone who makes it out alive will get answers to the questions the Gladers have been asking since they first arrived in the maze.","2018-01-10","878,28,12,53",7.076,8592
675445,"PAW Patrol: The Movie","Ryder and the pups are called to Adventure City to stop Mayor Humdinger from turning the bustling metropolis into a state of chaos.","2021-08-09","28,12,16,35,10751",7.3,1289
1214931,"Nuremberg","In postwar Germany, an American psychiatrist must determine whether Nazi prisoners are fit to go on trial for war crimes, and finds himself in a complex battle of intellect and ethics with Hermann Göring, Hitler's right-hand man.","2025-11-06","36,18",7.602,1443
1248226,"Playdate","When out-of-work accountant Brian joins stay-at-home dad Jeff for a playdate with their sons, he expects a laid-back afternoon. Instead, they're chased by mercenaries, and Brian—totally unprepared—must survive one absurd obstacle after another.","2025-11-04","28,35",6.18,696
617653,"The Last Duel","King Charles VI declares that Knight Jean de Carrouges settle his dispute with his squire, Jacques Le Gris, by challenging him to a duel.","2021-10-13","18,36,53",7.396,4026
901362,"Trolls Band Together","When Branch's brother, Floyd, is kidnapped for his musical talents by a pair of nefarious pop-star villains, Branch and Poppy embark on a harrowing and emotional journey to reunite the other brothers and rescue Floyd from a fate even worse than pop-culture obscurity.","2023-10-12","16,10751,10402,14,35,12",7.246,1034
308531,"Teenage Mutant Ninja Turtles: Out of the Shadows","After supervillain Shredder escapes custody, he joins forces with mad scientist Baxter Stockman and two dimwitted henchmen, Bebop and Rocksteady, to unleash a diabolical plan to take over the world. As the Turtles prepare to take on Shredder and his new crew, they find themselves facing an even greater evil with similar intentions: the notorious Krang.","2016-05-30","28,12,35,10751,878",6.062,3894
762504,"Nope","Residents in a lonely gulch of inland California bear witness to an uncanny, chilling discovery.","2022-07-20","27,878,53",6.829,5216
624860,"The Matrix Resurrections","Plagued by strange memories, Neo's life takes an unexpected turn when he finds himself back inside the Matrix.","2021-12-16","878,28,12",6.303,6754
254320,"The Lobster","In a dystopian near future, single people, according to the laws of The City, are taken to The Hotel, where they are obliged to find a romantic partner in forty-five days or are transformed into animals and sent off into The Woods.","2015-10-15","35,18,10749",7.022,7108
338766,"Hell or High Water","A divorced dad and his ex-con brother resort to a desperate scheme in order to save their family's farm in West Texas.","2016-08-11","37,80,18",7.307,5018
396422,"Annabelle: Creation","Several years after the tragic death of their little girl, a doll maker and his wife welcome a nun and several girls from a shuttered orphanage into their home, soon becoming the target of the doll maker's possessed creation—Annabelle.","2017-08-03","27",6.607,6107
370663,"Below Her Mouth","An unexpected affair quickly escalates into a heart-stopping reality for two women whose passionate connection changes their lives forever.","2017-02-10","18,10749",6.8,1324
967847,"Ghostbusters: Frozen Empire","The Spengler family returns to where it all started - the iconic New York City firehouse - to team up with the original Ghostbusters, who've developed a top-secret research lab to take busting ghosts to the next level. But when the discovery of an ancient artifact unleashes an evil force, Ghostbusters new and old must join forces to protect their home and save the world from a second Ice Age.","2024-03-20","14,12,35",6.425,2312
158852,"Tomorrowland","Bound by a shared destiny, a bright, optimistic teen bursting with scientific curiosity and a former boy-genius inventor jaded by disillusionment embark on a danger-filled mission to unearth the secrets of an enigmatic place somewhere in time and space that exists in their collective memory as ""Tomorrowland.""","2015-05-19","12,10751,9648,878",6.311,7521
334541,"Manchester by the Sea","After his older brother passes away, Lee Chandler is forced to return home to care for his 16-year-old nephew. There he is compelled to deal with a tragic past that separated him from his family and the community where he was born and raised.","2016-11-17","18",7.549,6593
1137350,"The Phoenician Scheme","Wealthy businessman Zsa-zsa Korda appoints his only daughter, a nun, as sole heir to his estate. As Korda embarks on a new enterprise, they soon become the target of scheming tycoons, foreign terrorists, and determined assassins.","2025-05-23","35,12,80",6.525,1060
68730,"Silence","In the 17th century, two Portuguese Jesuit priests travel to Japan in an attempt to locate their mentor, who is rumored to have committed apostasy, and to propagate Catholicism.","2016-12-23","18,36",7.119,3418
581726,"Infinite","Evan McCauley has skills he never learned and memories of places he has never visited. Self-medicated and on the brink of a mental breakdown, a secret group that call themselves “Infinites” come to his rescue, revealing that his memories are real.","2021-09-09","878,28,12",6.552,2229
268896,"Pacific Rim: Uprising","It has been ten years since The Battle of the Breach and the oceans are still, but restless. Vindicated by the victory at the Breach, the Jaeger program has evolved into the most powerful global defense force in human history. The PPDC now calls upon the best and brightest to rise up and become the next generation of heroes when the Kaiju threat returns.","2018-03-21","28,14,878,12",6.113,5515
